Doba;Godzina;Prognozowane zapotrzebowanie sieci;Wymagana rezerwa mocy OSP;Nadwy�ka mocy dost�pna dla OSP (7) + (9) - [(3) - (12)] - (13);Nadwy�ka mocy dost�pna dla OSP ponad wymagan� rezerw� moc (5) - (4);Moc dyspozycyjna JW i magazyn�w energii �wiadcz�cych us�ugi bilansuj�ce w ramach RB;Moc dyspozycyjna JW i magazyn�w energii �wiadcz�cych us�ugi bilansuj�ce w ramach RB dost�pna dla OSP;Przewidywana generacja JW i magazyn�w energii �wiadcz�cych us�ugi bilansuj�ce w ramach RB (3) - (9);Prognozowana generacja JW i magazyn�w energii nie �wiadcz�cych us�ug bilansuj�cych w ramach RB;Prognozowana sumaryczna generacja �r�de� wiatrowych;Prognozowana sumaryczna generacja �r�de� fotowoltaicznych;Planowane saldo wymiany mi�dzysystemowej;Prognozowana wielko�� niedyspozycyjno�ci wynikaj�ca z ogranicze� sieciowych wyst�puj�cych w sieci przesy�owej oraz sieci dystrybucyjnej w zakresie dostarczania energii elektrycznej;Prognozowana wielko�� niedyspozycyjno�ci wynikaj�cych z warunk�w eksploatacyjnych JW �wiadcz�cych us�ugi bilansuj�ce w ramach RB;Przewidywana generacja zasob�w wytw�rczych nieobj�tych obowi�zkami mocowymi;Obowi�zki mocowe wszystkich jednostek rynku mocy
2023-12-07;01;17885;1936;3735;1799;20114;17�645;13910;5366;1278;0;-1391;0;0;15945;0
2023-12-07;02;17633;1872;4283;2411;20114;17�645;13362;5296;1212;0;-1026;0;0;15118;0
2023-12-07;03;17381;1829;5219;3389;20078;18�034;12816;5211;1152;0;-646;0;0;14217;0
2023-12-07;04;17418;1781;5601;3819;20066;18�022;12422;5111;1054;0;-115;0;0;13749;0
2023-12-07;05;17711;1832;5020;3188;20066;18�022;13002;5010;959;0;-301;0;0;14238;0
2023-12-07;06;18673;1894;4518;2624;20066;18�022;13504;4976;942;0;193;0;0;15098;0
2023-12-07;07;20580;2018;4197;2179;20780;18�736;14539;5043;954;0;998;0;0;16988;0
2023-12-07;08;22395;2125;2908;783;20756;18�712;15804;5114;906;1;1477;0;0;2824;23563
2023-12-07;09;23512;2322;2247;-75;22041;19�997;17750;5110;804;149;652;0;0;2851;23563
2023-12-07;10;23996;2238;2567;329;21272;19�453;16886;5135;759;365;1975;0;0;2808;23563
2023-12-07;11;23730;2202;2718;516;20932;19�113;16395;5093;681;548;2242;0;0;2784;23563
2023-12-07;12;24072;2210;2729;520;21048;19�229;16500;4965;546;639;2607;0;0;2687;23563
2023-12-07;13;24163;2208;2840;632;21289;19�470;16630;4852;477;564;2681;0;0;2592;23563
2023-12-07;14;24071;2183;2860;677;21317;19�498;16639;4847;451;413;2585;0;0;2545;23563
2023-12-07;15;23593;2160;2852;692;21247;19�428;16577;4650;487;212;2367;0;0;2411;23563
2023-12-07;16;23760;2159;4599;2440;21154;21�154;16555;4715;522;11;2490;0;0;2402;23563
2023-12-07;17;24148;2293;4157;1864;22095;22�095;17938;4860;591;0;1351;0;0;2524;23563
2023-12-07;18;23948;2266;4577;2311;22259;22�259;17682;4979;703;0;1287;0;0;2608;23563
2023-12-07;19;23526;2200;5092;2892;21990;21�990;16898;4931;721;0;1697;0;0;2608;23563
2023-12-07;20;23336;2211;5299;3087;22315;22�315;17016;4958;717;0;1362;0;0;2619;23563
2023-12-07;21;22674;2136;5942;3806;22315;22�315;16372;4865;735;0;1438;0;0;2607;23563
2023-12-07;22;21120;2005;6732;4728;21936;21�936;15203;4782;739;0;1134;0;0;2577;23563
2023-12-07;23;19736;1891;7552;5662;21465;21�465;13913;4720;717;0;1104;0;0;15758;0
2023-12-07;24;18478;1757;8948;7191;21464;21�464;12516;4767;775;0;1195;0;0;14432;0
2023-12-08;01;17883;1703;6852;5149;18816;18�816;11964;4782;864;0;1138;0;0;13122;0
2023-12-08;02;17463;1722;6756;5034;18816;18�816;12060;4866;951;0;537;0;0;13166;0
2023-12-08;03;17204;1757;6482;4725;18816;18�816;12334;4935;1020;0;-65;0;0;13554;0
2023-12-08;04;17232;1760;6506;4746;18816;18�816;12310;4985;1070;0;-63;0;0;13615;0
2023-12-08;05;17536;1740;6879;5139;18816;18�816;11936;5061;1145;0;538;0;0;13507;0
2023-12-08;06;18348;1775;6784;5009;18814;18�814;12030;5185;1265;0;1134;0;0;14108;0
2023-12-08;07;20368;2013;5068;3055;19270;19�270;14201;5355;1415;0;812;0;0;17068;0
2023-12-08;08;22349;2152;4118;1966;19742;19�742;15624;5630;1555;8;1094;0;0;3087;23563
2023-12-08;09;23353;2232;4123;1891;20207;20�207;16083;5899;1649;245;1371;0;0;3287;23563
2023-12-08;10;23592;2184;4017;1833;19405;19�405;15389;6055;1678;532;2148;0;0;3441;23563
2023-12-08;11;23235;2157;4136;1979;19112;19�112;14902;6068;1683;749;2265;74;0;3525;23563
2023-12-08;12;23293;2165;4099;1934;19015;19�015;14842;6156;1714;888;2294;74;0;3618;23563
2023-12-08;13;23320;2167;4139;1972;19075;19�075;14862;6177;1794;819;2280;74;0;3668;23563
2023-12-08;14;23368;2187;4028;1842;19368;19�368;15265;6255;1960;645;1848;74;0;3769;23563
2023-12-08;15;23139;2149;4040;1891;18917;18�917;14803;6393;2210;359;1943;74;0;3885;23563
2023-12-08;16;23385;2212;4061;1849;19530;19�530;15395;6630;2570;34;1361;74;0;4131;23563
2023-12-08;17;23874;2282;4024;1742;19895;19�895;15797;7049;2911;0;1028;74;0;4503;23563
2023-12-08;18;23795;2236;3988;1752;19241;19�241;15178;7257;3085;0;1360;74;0;4651;23563
2023-12-08;19;23431;2246;4450;2204;19685;19�685;15161;7334;3156;0;937;74;0;4725;23563
2023-12-08;20;23333;2282;4422;2140;20098;20�098;15675;7267;3144;0;391;0;0;4745;23563
2023-12-08;21;22609;2194;4834;2639;19718;19�718;14884;7171;3061;0;554;0;0;4629;23563
2023-12-08;22;21181;2069;5489;3420;19315;19�315;13826;7055;2974;0;300;0;0;4522;23563
2023-12-08;23;19731;2014;6070;4055;19363;19�363;13294;6881;2812;0;-444;0;0;16890;0
2023-12-08;24;18333;1890;6650;4761;18921;18�921;12271;6633;2611;0;-571;0;0;15742;0
2023-12-09;01;17185;2406;8033;5627;18795;18�795;10761;6433;2475;0;-10;0;1�442;4246;0
2023-12-09;02;17135;2399;8033;5634;18795;18�795;10761;6384;2424;0;-10;0;1�442;4197;0
2023-12-09;03;17191;2407;7956;5549;18795;18�795;10839;6362;2402;0;-10;0;1�442;4180;0
2023-12-09;04;17128;2398;7956;5558;18795;18�795;10839;6298;2342;0;-10;0;1�442;4118;0
2023-12-09;05;16984;2378;8033;5655;18795;18�795;10761;6233;2277;0;-10;0;1�442;4048;0
2023-12-09;06;16954;2374;8033;5660;18795;18�795;10761;6203;2229;0;-10;0;1�442;4007;0
2023-12-09;07;17200;2408;7209;4801;18262;18�262;11053;6157;2169;0;-10;0;1�585;3962;0
2023-12-09;08;18093;2533;5945;3412;18262;18�262;11995;6107;2105;16;-10;322;1�585;3953;0
2023-12-09;09;19197;2688;4928;2241;18264;18�264;13014;6193;2002;425;-10;322;1�585;4076;0
2023-12-09;10;19967;2795;4627;1831;18693;18�693;13745;6232;1857;878;-10;322;1�585;4138;0
2023-12-09;11;20163;2823;4665;1842;18926;18�926;13940;6233;1711;1248;-10;322;1�585;4153;0
2023-12-09;12;20082;2812;4665;1854;18888;18�888;13901;6191;1586;1469;-10;322;1�585;4121;0
2023-12-09;13;20201;2828;4665;1837;19210;19�210;14223;5988;1518;1273;-10;322;1�442;3967;0
2023-12-09;14;20303;2842;4665;1823;19464;19�464;14477;5836;1518;907;-10;322;1�442;3811;0
2023-12-09;15;20081;2811;4665;1854;19436;19�436;14449;5791;1641;474;-160;322;1�442;3752;0
2023-12-09;16;20368;2852;4665;1814;19642;19�642;14655;5873;1899;24;-160;322;1�442;3834;0
2023-12-09;17;20849;2919;4665;1746;19712;19�712;14725;6284;2166;0;-160;322;1�442;4121;0
2023-12-09;18;20707;2899;4665;1766;19380;19�380;14394;6523;2380;0;-210;322;1�442;4345;0
2023-12-09;19;20319;2845;4694;1849;18882;18�882;13867;6662;2583;0;-210;322;1�442;4539;0
2023-12-09;20;19939;2792;5198;2406;18795;18�795;13275;6874;2838;0;-210;322;1�442;4763;0
2023-12-09;21;19341;2708;6069;3361;18795;18�795;12404;7147;3136;0;-210;322;1�442;5015;0
2023-12-09;22;18440;2582;7800;5218;18795;18�795;10995;7455;3457;0;-10;0;1�442;5263;0
2023-12-09;23;18558;2598;7961;5363;18795;18�795;10834;7735;3710;0;-10;0;1�442;5513;0
2023-12-09;24;17629;2468;9032;6564;18795;18�795;9762;7877;3859;0;-10;0;1�442;5611;0
2023-12-10;01;15124;2117;11974;9857;19152;19�152;7177;7957;3953;0;-10;0;1�442;5579;0
2023-12-10;02;15640;2190;11616;9426;19152;19�152;7536;8114;4078;0;-10;0;1�442;5731;0
2023-12-10;03;15388;2154;12016;9862;19152;19�152;7135;8263;4229;0;-10;0;1�442;5861;0
2023-12-10;04;15389;2154;12068;9914;19152;19�152;7084;8315;4284;0;-10;0;1�442;5913;0
2023-12-10;05;15367;2151;12049;9898;19152;19�152;7103;8275;4244;0;-10;0;1�442;5873;0
2023-12-10;06;15609;2185;11718;9533;19152;19�152;7434;8185;4167;0;-10;0;1�442;5805;0
2023-12-10;07;15648;2191;11616;9425;19152;19�152;7536;8122;4071;0;-10;0;1�442;5724;0
2023-12-10;08;15340;2148;11288;9140;19152;19�152;7307;8043;3957;19;-10;557;1�442;5610;0
2023-12-10;09;16041;2246;10581;8335;19152;19�152;8014;8038;3798;355;-10;557;1�442;5631;0
2023-12-10;10;16914;2368;9673;7305;19152;19�152;8921;8003;3593;790;-10;557;1�442;5654;0
2023-12-10;11;17487;2448;8840;6392;19152;19�152;9754;7743;3298;1019;-10;557;1�442;5475;0
2023-12-10;12;17990;2519;7969;5450;19215;19�215;10689;7311;2939;936;-10;557;1�442;5114;0
2023-12-10;13;18300;2562;7757;5195;19674;19�674;11359;6950;2683;799;-10;557;1�442;4819;0
2023-12-10;14;18527;2594;7862;5268;20303;20�303;11884;6653;2530;450;-10;557;1�442;4510;0
2023-12-10;15;18513;2592;7862;5270;20477;20�477;12058;6464;2463;122;-10;557;1�442;4310;0
2023-12-10;16;18391;2575;7862;5287;20357;20�357;11938;6464;2501;11;-10;557;1�442;4303;0
2023-12-10;17;18638;2609;7862;5252;20448;20�448;12029;6619;2559;0;-10;557;1�442;4362;0
2023-12-10;18;18645;2610;7816;5206;20143;20�143;12005;6651;2583;0;-10;322;1�442;4403;0
2023-12-10;19;18652;2611;7862;5250;20254;20�254;12071;6591;2586;0;-10;322;1�442;4397;0
2023-12-10;20;18643;2610;7862;5252;20296;20�296;12112;6541;2581;0;-10;322;1�442;4384;0
2023-12-10;21;18267;2557;7807;5249;19908;19�908;11779;6498;2561;0;-10;322;1�442;4365;0
2023-12-10;22;17410;2437;8595;6158;19510;19�510;10914;6506;2580;0;-10;0;1�442;4359;0
2023-12-10;23;16546;2316;9547;7230;19510;19�510;9963;6593;2646;0;-10;0;1�442;4378;0
2023-12-10;24;15633;2189;10582;8393;19510;19�510;8928;6715;2754;0;-10;0;1�442;4443;0
2023-12-11;01;16139;2259;11069;8809;20383;20�383;9314;6778;2909;0;47;0;1�274;4615;0
2023-12-11;02;15699;2198;11648;9450;20383;20�383;8735;6917;3042;0;47;0;1�274;4722;0
2023-12-11;03;15576;2181;11822;9641;20383;20�383;8561;6968;3099;0;47;0;1�274;4768;0
2023-12-11;04;15616;2186;11805;9618;20383;20�383;8578;6990;3126;0;47;0;1�274;4794;0
2023-12-11;05;16039;2245;11432;9186;20383;20�383;8951;7041;3176;0;47;0;1�274;4863;0
2023-12-11;06;16814;2354;10760;8406;20383;20�383;9623;7146;3286;0;45;0;1�274;5002;0
2023-12-11;07;19276;2699;8429;5731;20383;20�383;11954;7277;3406;0;45;0;1�274;5238;0
2023-12-11;08;21274;2978;6020;3042;20383;20�383;13805;7424;3483;27;45;557;1�274;5431;23563
2023-12-11;09;22272;3118;5240;2122;20383;20�383;14585;7642;3542;375;45;557;1�274;5678;23563
2023-12-11;10;22391;3135;5461;2326;20383;20�383;14365;7982;3590;1019;45;557;1�274;6002;23563
2023-12-11;11;22036;3085;5892;2807;20383;20�383;13934;8058;3507;1392;45;557;1�274;6063;23563
2023-12-11;12;22292;3121;5441;2320;20383;20�383;14384;7863;3331;1343;45;557;1�274;5890;23563
2023-12-11;13;22449;3143;4979;1836;20393;20�393;14856;7548;3171;1090;45;557;1�274;5635;23563
2023-12-11;14;22689;3176;4714;1537;20690;20�690;15419;7225;3044;623;45;557;1�274;5320;23563
2023-12-11;15;22626;3168;4969;1801;21125;21�125;15599;6982;2917;209;45;557;1�274;5028;23563
2023-12-11;16;22784;3190;4969;1779;21442;21�442;15916;6823;2814;15;45;557;1�274;4846;23563
2023-12-11;17;23100;3234;4969;1735;21673;21�673;16147;6908;2748;0;45;557;1�274;4805;23563
2023-12-11;18;22968;3216;4969;1753;21583;21�583;16057;6867;2701;0;45;557;1�274;4760;23563
2023-12-11;19;22607;3165;4969;1804;21323;21�323;15797;6765;2662;0;45;557;1�274;4715;23563
2023-12-11;20;22388;3134;4969;1834;20966;20�966;15676;6667;2604;0;45;322;1�274;4664;23563
2023-12-11;21;21713;3040;4979;1939;20465;20�465;15164;6504;2534;0;45;322;1�274;4559;23563
2023-12-11;22;20277;2839;6566;3727;20383;20�383;13817;6416;2467;0;45;0;1�274;4425;23563
2023-12-11;23;18710;2619;8008;5389;20383;20�383;12374;6289;2414;0;47;0;1�274;4271;0
2023-12-11;24;17579;2461;9110;6649;20387;20�387;11276;6256;2384;0;47;0;1�270;4187;0
2023-12-12;01;17798;2492;9232;6740;20706;20�706;11474;6277;2358;0;47;0;951;4194;0
2023-12-12;02;17236;2413;9774;7361;20706;20�706;10932;6257;2334;0;47;0;951;4146;0
2023-12-12;03;16981;2377;10013;7635;20706;20�706;10694;6240;2313;0;47;0;951;4115;0
2023-12-12;04;17040;2386;9903;7517;20706;20�706;10803;6190;2285;0;47;0;951;4083;0
2023-12-12;05;17429;2440;9494;7054;20706;20�706;11212;6170;2265;0;47;0;951;4083;0
2023-12-12;06;17902;2506;8987;6480;20706;20�706;11719;6138;2241;0;45;0;951;4079;0
2023-12-12;07;19730;2762;7133;4371;20706;20�706;13573;6112;2205;0;45;0;951;4135;0
2023-12-12;08;21592;3023;4729;1706;20706;20�706;15420;6127;2151;0;45;557;951;4190;23563
2023-12-12;09;22528;3154;4037;883;20985;20�985;16390;6093;2085;62;45;557;951;4181;23563
2023-12-12;10;22635;3169;4037;869;21040;21�040;16445;6145;2019;355;45;557;951;4237;23563
2023-12-12;11;22350;3129;4061;932;20706;20�706;16088;6217;1962;664;45;557;951;4315;23563
2023-12-12;12;22420;3139;4037;899;20752;20�752;16157;6218;1912;850;45;557;951;4340;23563
2023-12-12;13;22395;3135;4037;902;20797;20�797;16202;6148;1857;932;45;557;951;4312;23563
2023-12-12;14;22625;3168;4037;870;21226;21�226;16631;5949;1798;567;45;557;951;4099;23563
2023-12-12;15;22454;3144;4037;894;21261;21�261;16666;5742;1759;149;45;557;951;3885;23563
2023-12-12;16;22587;3162;4037;875;21470;21�470;16875;5667;1735;10;45;557;951;3803;23563
2023-12-12;17;23128;3238;4037;800;21920;21�920;17326;5757;1677;0;45;557;951;3771;23563
2023-12-12;18;22913;3208;4037;830;21781;21�781;17186;5682;1590;0;45;557;951;3688;23563
2023-12-12;19;22492;3149;4037;889;21492;21�492;16897;5549;1513;0;45;557;951;3608;23563
2023-12-12;20;22358;3130;4037;907;21233;21�233;16874;5439;1448;0;45;322;951;3547;23563
2023-12-12;21;21728;3042;4055;1013;20706;20�706;16330;5353;1386;0;45;322;951;3481;23563
2023-12-12;22;20213;2830;5822;2992;20706;20�706;14885;5283;1329;0;45;0;951;3350;23563
2023-12-12;23;18690;2617;7058;4441;20482;20�482;13424;5218;1278;0;47;0;951;3221;0
2023-12-12;24;17525;2453;8168;5715;20482;20�482;12314;5164;1228;0;47;0;951;3116;0
2023-12-13;01;17800;2492;7913;5421;20482;20�482;12569;5184;1182;0;47;0;951;3117;0
2023-12-13;02;17238;2413;8425;6011;20482;20�482;12057;5134;1144;0;47;0;951;3050;0
2023-12-13;03;16988;2378;8639;6261;20482;20�482;11843;5098;1115;0;47;0;951;3008;0
2023-12-13;04;17042;2386;8567;6182;20482;20�482;11915;5081;1096;0;47;0;951;2993;0
2023-12-13;05;17431;2440;8158;5717;20482;20�482;12325;5059;1067;0;47;0;951;2987;0
2023-12-13;06;17660;2472;7839;5367;20482;20�482;12643;4972;1028;0;45;0;951;2941;0
2023-12-13;07;19671;2754;5860;3106;20482;20�482;14622;5004;993;0;45;0;951;3030;0
2023-12-13;08;21594;3023;3357;334;20482;20�482;16568;4981;963;1;45;557;951;3086;23563
2023-12-13;09;22513;3152;3136;-16;21159;21�159;17466;5002;936;94;45;557;951;3107;23563
2023-12-13;10;22587;3162;3136;-26;21117;21�117;17424;5118;910;443;45;557;951;3228;23563
2023-12-13;11;22285;3120;3069;-51;20646;20�646;17020;5220;877;784;45;557;951;3345;23563
2023-12-13;12;22367;3131;3130;-1;20789;20�789;17102;5220;836;947;45;557;951;3364;23563
2023-12-13;13;22372;3132;3136;4;20857;20�857;17164;5163;807;976;45;557;951;3340;23563
2023-12-13;14;22480;3147;3136;-11;20993;20�993;17300;5135;824;830;45;557;951;3299;23563
2023-12-13;15;22266;3117;3136;19;20866;20�866;17172;5049;872;487;45;557;951;3205;23563
2023-12-13;16;22548;3157;3136;-21;21234;21�234;17541;4963;934;83;45;557;951;3102;23563
2023-12-13;17;23130;3238;3136;-102;21647;21�647;17954;5131;1008;0;45;557;951;3160;23563
2023-12-13;18;22915;3208;3136;-72;21339;21�339;17646;5224;1088;0;45;557;951;3244;23563
2023-12-13;19;22494;3149;3131;-18;20840;20�840;17152;5297;1168;0;45;557;951;3343;23563
2023-12-13;20;22360;3130;3167;37;20503;20�503;17014;5301;1213;0;45;322;951;3393;23563
2023-12-13;21;21730;3042;3764;721;20482;20�482;16397;5288;1225;0;45;322;951;3372;23563
2023-12-13;22;20215;2830;5586;2756;20482;20�482;14896;5274;1226;0;45;0;951;3294;23563
2023-12-13;23;18816;2634;6976;4341;20482;20�482;13507;5263;1225;0;47;0;951;3221;0
2023-12-13;24;17707;2479;8088;5609;20482;20�482;12394;5266;1229;0;47;0;951;3171;0
2023-12-14;01;17640;2470;8094;5625;20482;20�482;12388;5205;1235;0;47;0;951;3157;0
2023-12-14;02;17257;2416;8476;6060;20482;20�482;12006;5204;1246;0;47;0;951;3145;0
2023-12-14;03;17001;2380;8737;6357;20482;20�482;11745;5209;1258;0;47;0;951;3141;0
2023-12-14;04;17061;2389;8690;6301;20482;20�482;11792;5222;1269;0;47;0;951;3155;0
2023-12-14;05;17450;2443;8321;5879;20482;20�482;12161;5242;1282;0;47;0;951;3189;0
2023-12-14;06;17276;2419;8491;6073;20482;20�482;11991;5240;1292;0;45;0;951;3184;0
2023-12-14;07;19708;2759;6079;3320;20482;20�482;14403;5260;1296;0;45;0;951;3310;0
2023-12-14;08;21613;3026;3669;644;20497;20�497;16270;5298;1270;0;45;557;951;3392;23563
2023-12-14;09;22492;3149;3669;521;21347;21�347;17121;5326;1226;164;45;557;951;3413;23563
2023-12-14;10;22409;3137;3669;532;21034;21�034;16807;5557;1184;794;45;557;951;3643;23563
2023-12-14;11;21978;3077;3751;674;20482;20�482;16173;5760;1151;1364;45;557;951;3853;23563
2023-12-14;12;22030;3084;3733;649;20482;20�482;16192;5793;1127;1582;45;557;951;3914;23563
2023-12-14;13;22078;3091;3669;578;20539;20�539;16313;5721;1113;1533;45;557;951;3877;23563
2023-12-14;14;22287;3120;3669;549;20839;20�839;16612;5630;1151;1207;45;557;951;3778;23563
2023-12-14;15;22181;3105;3669;564;20871;20�871;16644;5492;1221;672;45;557;951;3625;23563
2023-12-14;16;22569;3160;3669;510;21425;21�425;17198;5326;1298;79;45;557;951;3449;23563
2023-12-14;17;23148;3241;3669;429;21812;21�812;17585;5518;1382;0;45;557;951;3524;23563
2023-12-14;18;22934;3211;3669;459;21496;21�496;17269;5619;1465;0;45;557;951;3613;23563
2023-12-14;19;22512;3152;3669;518;21050;21�050;16823;5644;1548;0;45;557;951;3691;23563
2023-12-14;20;22378;3133;3669;536;20655;20�655;16664;5669;1614;0;45;322;951;3764;23563
2023-12-14;21;21748;3045;4154;1109;20482;20�482;16006;5697;1668;0;45;322;951;3790;23563
2023-12-14;22;20234;2833;6031;3198;20482;20�482;14451;5737;1722;0;45;0;951;3764;23563
2023-12-14;23;18836;2637;7480;4843;20482;20�482;13002;5788;1782;0;47;0;951;3748;0
2023-12-14;24;18288;2560;8094;5534;20482;20�482;12388;5853;1849;0;47;0;951;3786;0
2023-12-15;01;17276;2419;9399;6980;20765;20�765;11365;5863;1915;0;47;0;896;3782;0
2023-12-15;02;17278;2419;9461;7042;20765;20�765;11304;5927;1991;0;47;0;896;3851;0
2023-12-15;03;17019;2383;9792;7410;20765;20�765;10972;5999;2071;0;47;0;896;3911;0
2023-12-15;04;17087;2392;9804;7412;20765;20�765;10960;6080;2149;0;47;0;896;3990;0
2023-12-15;05;17470;2446;9509;7063;20765;20�765;11255;6168;2230;0;47;0;896;4088;0
2023-12-15;06;17225;2412;9819;7407;20765;20�765;10946;6234;2309;0;45;0;896;4144;0
2023-12-15;07;19710;2759;7431;4671;20765;20�765;13334;6332;2380;0;45;0;896;4341;0
2023-12-15;08;21633;3029;5082;2054;20821;20�821;15181;6407;2402;1;45;557;896;4463;23563
2023-12-15;09;22536;3155;5070;1915;21669;21�669;16042;6450;2395;122;45;557;896;4503;23563
2023-12-15;10;22563;3159;5070;1912;21526;21�526;15898;6621;2389;556;45;557;896;4681;23563
2023-12-15;11;22238;3113;5043;1929;21018;21�018;15418;6775;2389;939;45;557;896;4848;23563
2023-12-15;12;22378;3133;5070;1937;21191;21�191;15563;6771;2398;998;45;557;896;4870;23563
2023-12-15;13;22470;3146;5070;1925;21359;21�359;15731;6694;2414;872;45;557;896;4825;23563
2023-12-15;14;22615;3166;5070;1904;21479;21�479;15851;6720;2507;659;45;557;896;4833;23563
2023-12-15;15;22390;3135;5070;1936;21223;21�223;15595;6750;2652;336;45;557;896;4848;23563
2023-12-15;16;22615;3166;5070;1904;21411;21�411;15783;6787;2806;34;45;557;896;4876;23563
2023-12-15;17;23169;3244;5070;1827;21672;21�672;16044;7080;2969;0;45;557;896;5051;23563
2023-12-15;18;22954;3214;5070;1857;21277;21�277;15649;7260;3133;0;45;557;896;5219;23563
2023-12-15;19;22532;3155;5082;1928;20766;20�766;15126;7361;3291;0;45;557;896;5373;23563
2023-12-15;20;22399;3136;5474;2338;20765;20�765;14969;7384;3367;0;45;322;896;5434;23563
2023-12-15;21;21768;3048;6109;3061;20765;20�765;14334;7389;3382;0;45;322;896;5416;23563
2023-12-15;22;20272;2838;7914;5075;20765;20�765;12851;7376;3383;0;45;0;896;5340;23563
2023-12-15;23;18856;2640;9316;6676;20765;20�765;11448;7361;3378;0;47;0;896;5262;0
2023-12-15;24;18769;2628;9399;6771;20765;20�765;11365;7356;3374;0;47;0;896;5258;0
2023-12-16;01;17012;2382;11019;8637;20765;20�765;9745;7276;3371;0;-10;0;896;5148;0
2023-12-16;02;17008;2381;11024;8643;20765;20�765;9741;7277;3382;0;-10;0;896;5155;0
2023-12-16;03;17023;2383;11021;8637;20765;20�765;9744;7289;3402;0;-10;0;896;5172;0
2023-12-16;04;17046;2386;11021;8634;20765;20�765;9744;7312;3420;0;-10;0;896;5192;0
2023-12-16;05;17070;2390;11021;8631;20765;20�765;9744;7336;3436;0;-10;0;896;5212;0
2023-12-16;06;17073;2390;11021;8630;20765;20�765;9744;7339;3451;0;-10;0;896;5220;0
2023-12-16;07;17102;2394;11019;8625;20765;20�765;9745;7366;3465;0;-10;0;896;5236;0
2023-12-16;08;17956;2514;9602;7088;20765;20�765;10606;7361;3419;1;-10;557;896;5240;0
2023-12-16;09;19204;2689;8351;5663;20767;20�767;11858;7356;3342;160;-10;557;896;5291;0
2023-12-16;10;19972;2796;7917;5121;20975;20�975;12500;7481;3271;612;-10;557;896;5435;0
2023-12-16;11;20345;2848;7917;5069;21264;21�264;12790;7565;3210;950;-10;557;896;5522;0
2023-12-16;12;20469;2866;7917;5051;21483;21�483;13009;7471;3158;940;-10;557;896;5454;0
2023-12-16;13;20540;2876;7917;5041;21685;21�685;13211;7340;3113;828;-10;557;896;5354;0
2023-12-16;14;20537;2875;7917;5042;21688;21�688;13213;7334;3184;630;-10;557;896;5343;0
2023-12-16;15;20223;2831;7917;5086;21313;21�313;12839;7394;3329;376;-10;557;896;5389;0
2023-12-16;16;20433;2861;7917;5056;21466;21�466;12992;7452;3487;66;-10;557;896;5426;0
2023-12-16;17;20955;2934;7917;4983;21719;21�719;13245;7720;3656;0;-10;557;896;5590;0
2023-12-16;18;20840;2918;7917;4999;21416;21�416;12942;7908;3831;0;-10;557;896;5769;0
2023-12-16;19;20452;2863;7901;5038;20919;20�919;12461;8001;4004;0;-10;557;896;5929;0
2023-12-16;20;20073;2810;8474;5664;20765;20�765;11969;8114;4171;0;-10;322;896;6070;0
2023-12-16;21;19475;2726;9226;6500;20765;20�765;11217;8268;4325;0;-10;322;896;6188;0
2023-12-16;22;18447;2583;10705;8123;20765;20�765;10059;8398;4467;0;-10;0;896;6269;0
2023-12-16;23;18263;2557;11021;8464;20765;20�765;9744;8529;4599;0;-10;0;896;6385;0
2023-12-16;24;17745;2484;11671;9187;20765;20�765;9093;8662;4728;0;-10;0;896;6486;0
2023-12-17;01;15717;2829;9054;6225;20472;20�472;11418;4299;380;0;0;0;978;2251;0
2023-12-17;02;15868;2856;8908;6052;20472;20�472;11564;4304;374;0;0;0;978;2258;0
2023-12-17;03;15770;2839;8994;6155;20472;20�472;11478;4292;361;0;0;0;978;2243;0
2023-12-17;04;15671;2821;9088;6267;20472;20�472;11384;4287;361;0;0;0;978;2236;0
2023-12-17;05;15752;2835;9027;6191;20472;20�472;11445;4306;382;0;0;0;978;2260;0
2023-12-17;06;15894;2861;8908;6047;20472;20�472;11564;4331;407;0;0;0;978;2293;0
2023-12-17;07;15918;2865;8908;6043;20472;20�472;11564;4354;432;0;0;0;978;2319;0
2023-12-17;08;15663;2819;9179;6360;20472;20�472;11293;4371;446;0;0;0;978;2319;0
2023-12-17;09;16493;2969;8485;5516;20472;20�472;11987;4506;438;331;0;0;978;2488;0
2023-12-17;10;16997;3059;7763;4703;20472;20�472;12709;4288;1;856;0;0;978;2312;0
2023-12-17;11;17527;3155;7303;4149;20472;20�472;13169;4358;0;1118;0;0;978;2426;0
2023-12-17;12;17983;3237;6817;3580;20472;20�472;13655;4329;0;1115;0;0;978;2435;0
2023-12-17;13;18330;3299;6395;3096;20472;20�472;14077;4253;0;1013;0;0;978;2404;0
2023-12-17;14;18543;3338;6166;2829;20524;20�524;14358;4185;0;836;0;0;978;2347;0
2023-12-17;15;18769;3378;5750;2371;20703;20�703;14954;3815;0;0;0;0;978;2003;0
2023-12-17;16;18856;3394;6082;2688;21087;21�087;15006;3850;0;0;0;0;978;2002;0
2023-12-17;17;19435;3498;6124;2626;21498;21�498;15374;4061;0;0;0;0;978;2040;0
2023-12-17;18;19448;3501;6124;2624;21591;21�591;15467;3981;0;0;0;0;978;2019;0
2023-12-17;19;19455;3502;6124;2622;21610;21�610;15486;3969;0;0;0;0;978;2014;0
2023-12-17;20;19454;3502;6124;2622;21691;21�691;15567;3887;4;0;0;0;978;2011;0
2023-12-17;21;19084;3435;6124;2689;21339;21�339;15215;3869;9;0;0;0;978;2017;0
2023-12-17;22;18230;3281;6166;2885;20540;20�540;14374;3856;9;0;0;0;978;2015;0
2023-12-17;23;17375;3127;6932;3805;20472;20�472;13540;3835;9;0;0;0;978;1974;0
2023-12-17;24;16443;2960;7848;4888;20472;20�472;12624;3818;8;0;0;0;978;1920;0
2023-12-18;01;16246;2924;9220;6296;21680;21�680;12460;3786;8;0;0;0;978;1890;0
2023-12-18;02;15810;2846;9657;6811;21680;21�680;12023;3786;8;0;0;0;978;1872;0
2023-12-18;03;15693;2825;9770;6945;21680;21�680;11910;3783;7;0;0;0;978;1867;0
2023-12-18;04;15735;2832;9725;6892;21680;21�680;11955;3779;7;0;0;0;978;1870;0
2023-12-18;05;16160;2909;9290;6382;21680;21�680;12390;3770;6;0;0;0;978;1887;0
2023-12-18;06;16938;3049;8502;5453;21680;21�680;13178;3760;6;0;0;0;978;1922;0
2023-12-18;07;19348;3483;6094;2612;21680;21�680;15586;3762;5;0;0;0;978;2043;0
2023-12-18;08;21355;3844;4152;308;21680;21�680;17528;3827;5;131;0;0;978;2202;23563
2023-12-18;09;22264;4007;3504;-504;21680;21�680;18176;4087;12;662;0;0;978;2488;23563
2023-12-18;10;22583;4065;3463;-602;21806;21�806;18343;4240;10;974;0;0;978;2631;23563
2023-12-18;11;22357;4024;3577;-447;21680;21�680;18103;4254;7;1117;0;0;978;2663;23563
2023-12-18;12;22553;4060;3449;-610;21770;21�770;18320;4233;6;1170;0;0;978;2673;23563
2023-12-18;13;22678;4082;3463;-619;22021;22�021;18558;4120;10;982;0;0;978;2585;23563
2023-12-18;14;22788;4102;3463;-639;22206;22�206;18743;4045;10;765;0;0;978;2502;23563
2023-12-18;15;22737;4093;3463;-630;22349;22�349;18886;3852;10;330;0;0;978;2313;23563
2023-12-18;16;22981;4136;3463;-673;22680;22�680;19217;3763;8;0;0;0;978;2186;23563
2023-12-18;17;23294;4193;3463;-730;22831;22�831;19368;3925;7;0;0;0;978;2216;23563
2023-12-18;18;23159;4169;3463;-706;22713;22�713;19250;3909;6;0;0;0;978;2207;23563
2023-12-18;19;22799;4104;3463;-641;22422;22�422;18959;3840;9;0;0;0;978;2195;23563
2023-12-18;20;22590;4066;3463;-603;22301;22�301;18838;3751;10;0;0;0;978;2189;23563
2023-12-18;21;21921;3946;3491;-455;21682;21�682;18192;3730;11;0;0;0;978;2191;23563
2023-12-18;22;20493;3689;4911;1222;21680;21�680;16769;3724;12;0;0;0;978;2126;23563
2023-12-18;23;18996;3419;6410;2991;21680;21�680;15270;3726;15;0;0;0;978;2064;0
2023-12-18;24;17798;3204;7596;4392;21680;21�680;14084;3715;19;0;0;0;978;2002;0
2023-12-19;01;18016;3243;7373;4130;21680;21�680;14307;3709;24;0;0;0;978;2014;0
2023-12-19;02;17455;3142;7933;4791;21680;21�680;13747;3708;26;0;0;0;978;1988;0
2023-12-19;03;17247;3104;8147;5043;21680;21�680;13533;3714;28;0;0;0;978;1985;0
2023-12-19;04;17270;3109;8120;5011;21680;21�680;13560;3710;23;0;0;0;978;1984;0
2023-12-19;05;17660;3179;7725;4546;21680;21�680;13955;3705;24;0;0;0;978;2003;0
2023-12-19;06;18082;3255;7283;4028;21680;21�680;14397;3684;18;0;0;0;978;2011;0
2023-12-19;07;19911;3584;5469;1885;21680;21�680;16211;3700;17;0;0;0;978;2107;0
2023-12-19;08;21771;3919;3679;-240;21680;21�680;18001;3770;14;131;0;0;978;2262;23563
2023-12-19;09;22434;4038;3371;-668;21834;21�834;18463;3971;12;665;0;0;978;2487;23563
2023-12-19;10;22529;4055;3371;-685;21789;21�789;18419;4111;11;981;0;0;978;2617;23563
2023-12-19;11;22334;4020;3481;-539;21680;21�680;18199;4135;9;1132;0;0;978;2662;23563
2023-12-19;12;22479;4046;3371;-676;21707;21�707;18336;4143;7;1188;0;0;978;2680;23563
2023-12-19;13;22620;4072;3371;-701;21955;21�955;18585;4036;7;992;0;0;978;2596;23563
2023-12-19;14;22781;4101;3371;-730;22222;22�222;18852;3929;6;771;0;0;978;2507;23563
2023-12-19;15;22619;4071;3371;-701;22254;22�254;18883;3736;6;333;0;0;978;2312;23563
2023-12-19;16;22874;4117;3371;-747;22612;22�612;19242;3632;8;0;0;0;978;2193;23563
2023-12-19;17;23410;4214;3371;-843;22920;22�920;19549;3861;10;0;0;0;978;2233;23563
2023-12-19;18;23200;4176;3371;-805;22727;22�727;19356;3843;10;0;0;0;978;2236;23563
2023-12-19;19;22778;4100;3371;-729;22383;22�383;19012;3766;9;0;0;0;978;2224;23563
2023-12-19;20;22650;4077;3371;-706;22323;22�323;18953;3698;8;0;0;0;978;2218;23563
2023-12-19;21;22023;3964;3371;-593;21710;21�710;18340;3683;9;0;0;0;978;2219;23563
2023-12-19;22;20509;3692;4845;1154;21680;21�680;16835;3674;9;0;0;0;978;2144;23563
2023-12-19;23;19096;3437;6240;2802;21680;21�680;15440;3656;10;0;0;0;978;2070;0
2023-12-19;24;17812;3206;7510;4303;21680;21�680;14170;3642;8;0;0;0;978;2000;0
2023-12-20;01;18075;3253;7785;4531;22213;22�213;14428;3647;8;0;0;0;978;2018;0
2023-12-20;02;17524;3154;8348;5194;22213;22�213;13865;3659;9;0;0;0;978;1998;0
2023-12-20;03;17300;3114;8583;5469;22213;22�213;13630;3670;7;0;0;0;978;1992;0
2023-12-20;04;17329;3119;8562;5443;22213;22�213;13651;3678;6;0;0;0;978;1996;0
2023-12-20;05;17715;3189;8179;4991;22213;22�213;14034;3682;8;0;0;0;978;2016;0
2023-12-20;06;18114;3261;7785;4524;22213;22�213;14428;3686;11;0;0;0;978;2039;0
2023-12-20;07;19967;3594;5947;2353;22213;22�213;16266;3700;11;0;0;0;978;2137;0
2023-12-20;08;21819;3927;4176;248;22213;22�213;18037;3782;11;131;0;0;978;2294;23563
2023-12-20;09;22485;4047;3920;-127;22386;22�386;18466;4018;11;665;0;0;978;2529;23563
2023-12-20;10;22579;4064;3920;-144;22369;22�369;18449;4130;6;977;0;0;978;2647;23563
2023-12-20;11;22384;4029;3976;-53;22213;22�213;18237;4147;5;1126;0;0;978;2692;23563
2023-12-20;12;22530;4055;3920;-135;22298;22�298;18378;4152;6;1178;0;0;978;2711;23563
2023-12-20;13;22668;4080;3920;-160;22541;22�541;18621;4047;9;980;0;0;978;2626;23563
2023-12-20;14;22825;4108;3920;-188;22778;22�778;18858;3967;9;762;0;0;978;2543;23563
2023-12-20;15;22657;4078;3920;-158;22790;22�790;18870;3787;10;331;0;0;978;2357;23563
2023-12-20;16;22905;4123;3920;-203;23129;23�129;19209;3696;12;0;0;0;978;2236;23563
2023-12-20;17;23440;4219;3920;-299;23466;23�466;19546;3894;22;0;0;0;978;2282;23563
2023-12-20;18;23224;4180;3920;-260;23205;23�205;19285;3939;32;0;0;0;978;2300;23563
2023-12-20;19;22804;4105;3920;-185;22839;22�839;18919;3885;33;0;0;0;978;2296;23563
2023-12-20;20;22672;4081;3920;-161;22802;22�802;18882;3790;38;0;0;0;978;2289;23563
2023-12-20;21;22038;3967;3965;-2;22213;22�213;18248;3790;48;0;0;0;978;2293;23563
2023-12-20;22;20521;3694;5471;1777;22213;22�213;16742;3779;52;0;0;0;978;2218;23563
2023-12-20;23;19119;3441;6844;3403;22213;22�213;15369;3750;47;0;0;0;978;2138;0
2023-12-20;24;17837;3211;8119;4908;22213;22�213;14094;3743;47;0;0;0;978;2070;0
2023-12-21;01;18086;3256;8315;5059;22659;22�659;14344;3742;52;0;0;0;978;2080;0
2023-12-21;02;17523;3154;8868;5714;22659;22�659;13791;3732;36;0;0;0;978;2040;0
2023-12-21;03;17280;3110;9122;6012;22659;22�659;13537;3743;41;0;0;0;978;2035;0
2023-12-21;04;17326;3119;9075;5957;22659;22�659;13584;3742;36;0;0;0;978;2035;0
2023-12-21;05;17713;3188;8686;5497;22659;22�659;13973;3739;35;0;0;0;978;2051;0
2023-12-21;06;18129;3263;8264;5001;22659;22�659;14395;3734;33;0;0;0;978;2067;0
2023-12-21;07;19960;3593;6444;2851;22659;22�659;16215;3745;36;0;0;0;978;2165;0
2023-12-21;08;21823;3928;4638;710;22659;22�659;18021;3803;33;118;0;0;978;2311;23563
2023-12-21;09;22520;4054;4331;277;22850;22�850;18519;4000;35;598;0;0;978;2524;23563
2023-12-21;10;22633;4074;4331;257;22835;22�835;18504;4128;34;876;0;0;978;2636;23563
2023-12-21;11;22442;4040;4350;310;22659;22�659;18310;4133;28;1014;0;0;978;2673;23563
2023-12-21;12;22591;4066;4285;218;22749;22�749;18464;4128;25;1060;0;0;978;2686;23563
2023-12-21;13;22718;4089;4331;242;23009;23�009;18678;4040;26;882;0;0;978;2608;23563
2023-12-21;14;22862;4115;4331;216;23232;23�232;18901;3960;20;686;0;0;978;2526;23563
2023-12-21;15;22669;4080;4331;251;23218;23�218;18887;3782;18;300;0;0;978;2351;23563
2023-12-21;16;22899;4122;4331;209;23527;23�527;19196;3703;18;0;0;0;978;2238;23563
2023-12-21;17;23435;4218;4331;113;23901;23�901;19570;3865;18;0;0;0;978;2267;23563
2023-12-21;18;23219;4179;4331;152;23632;23�632;19301;3918;21;0;0;0;978;2278;23563
2023-12-21;19;22799;4104;4331;227;23293;23�293;18962;3837;21;0;0;0;978;2269;23563
2023-12-21;20;22668;4080;4331;251;23248;23�248;18917;3751;16;0;0;0;978;2254;23563
2023-12-21;21;22034;3966;4350;384;22663;22�663;18314;3720;13;0;0;0;978;2244;23563
2023-12-21;22;20517;3693;5847;2154;22659;22�659;16812;3704;12;0;0;0;978;2164;23563
2023-12-21;23;19108;3439;7232;3792;22659;22�659;15427;3681;10;0;0;0;978;2085;0
2023-12-21;24;17816;3207;8511;5304;22659;22�659;14148;3668;12;0;0;0;978;2016;0
2023-12-22;01;18082;3255;8236;4981;22659;22�659;14423;3659;10;0;0;0;978;2020;0
2023-12-22;02;17522;3154;8789;5635;22659;22�659;13870;3652;9;0;0;0;978;1989;0
2023-12-22;03;17330;3119;8978;5858;22659;22�659;13681;3648;8;0;0;0;978;1978;0
2023-12-22;04;17387;3130;8918;5788;22659;22�659;13741;3646;11;0;0;0;978;1982;0
2023-12-22;05;17709;3188;8587;5399;22659;22�659;14072;3637;10;0;0;0;978;1993;0
2023-12-22;06;18117;3261;8173;4912;22659;22�659;14486;3631;9;0;0;0;978;2008;0
2023-12-22;07;19956;3592;6338;2746;22659;22�659;16321;3635;8;0;0;0;978;2103;0
2023-12-22;08;21820;3928;4544;616;22659;22�659;18115;3704;14;119;0;0;978;2257;23563
2023-12-22;09;22513;4052;4275;222;22871;22�871;18597;3916;14;604;0;0;978;2471;23563
2023-12-22;10;22624;4072;4275;202;22869;22�869;18594;4030;11;886;0;0;978;2582;23563
2023-12-22;11;22434;4038;4297;259;22659;22�659;18362;4072;8;1025;0;0;978;2628;23563
2023-12-22;12;22582;4065;4275;210;22796;22�796;18521;4061;9;1073;0;0;978;2644;23563
2023-12-22;13;22709;4088;4275;187;23015;23�015;18741;3968;12;895;0;0;978;2570;23563
2023-12-22;14;22856;4114;4275;160;23244;23�244;18970;3886;7;695;0;0;978;2488;23563
2023-12-22;15;22669;4080;4275;194;23235;23�235;18960;3708;8;299;0;0;978;2311;23563
2023-12-22;16;22898;4122;4275;153;23543;23�543;19268;3630;12;0;0;0;978;2202;23563
2023-12-22;17;23434;4218;4275;56;23893;23�893;19618;3816;16;0;0;0;978;2237;23563
2023-12-22;18;23219;4179;4275;95;23603;23�603;19329;3890;21;0;0;0;978;2252;23563
2023-12-22;19;22799;4104;4275;171;23296;23�296;19021;3777;15;0;0;0;978;2232;23563
2023-12-22;20;22667;4080;4275;194;23263;23�263;18989;3678;22;0;0;0;978;2222;23563
2023-12-22;21;22034;3966;4275;308;22677;22�677;18402;3631;21;0;0;0;978;2211;23563
2023-12-22;22;20517;3693;5762;2069;22659;22�659;16897;3620;22;0;0;0;978;2133;23563
2023-12-22;23;19113;3440;7142;3701;22659;22�659;15517;3596;15;0;0;0;978;2050;0
2023-12-22;24;17819;3207;8422;5215;22659;22�659;14237;3582;13;0;0;0;978;1977;0
2023-12-23;01;16174;2911;9052;6141;21678;21�678;12626;3548;12;0;0;0;978;1877;0
2023-12-23;02;16276;2930;8950;6020;21678;21�678;12728;3548;10;0;0;0;978;1882;0
2023-12-23;03;16067;2892;9163;6271;21678;21�678;12515;3551;10;0;0;0;978;1873;0
2023-12-23;04;15943;2870;9293;6423;21678;21�678;12385;3558;11;0;0;0;978;1870;0
2023-12-23;05;16019;2883;9216;6333;21678;21�678;12462;3557;15;0;0;0;978;1874;0
2023-12-23;06;16288;2932;8950;6018;21678;21�678;12728;3559;20;0;0;0;978;1891;0
2023-12-23;07;16174;2911;9076;6165;21678;21�678;12602;3571;24;0;0;0;978;1894;0
2023-12-23;08;16890;3040;8419;5379;21678;21�678;13259;3631;25;118;0;0;978;1987;0
2023-12-23;09;17729;3191;7788;4597;21678;21�678;13890;3839;30;597;0;0;978;2220;0
2023-12-23;10;18619;3351;7022;3670;21678;21�678;14656;3962;37;879;0;0;978;2380;0
2023-12-23;11;19015;3423;6676;3253;21678;21�678;15002;4013;47;1016;0;0;978;2458;0
2023-12-23;12;19075;3433;6631;3197;21678;21�678;15047;4028;41;1063;0;0;978;2474;0
2023-12-23;13;19323;3478;6273;2795;21685;21�685;15411;3912;32;887;0;0;978;2405;0
2023-12-23;14;19493;3509;6119;2610;21768;21�768;15648;3845;32;690;0;0;978;2340;0
2023-12-23;15;19707;3547;6152;2605;22179;22�179;16027;3680;37;299;0;0;978;2171;0
2023-12-23;16;20066;3612;6152;2540;22604;22�604;16452;3613;44;0;0;0;978;2068;0
2023-12-23;17;20793;3743;6152;2410;23090;23�090;16938;3855;53;0;0;0;978;2118;0
2023-12-23;18;20682;3723;6152;2429;22950;22�950;16798;3884;71;0;0;0;978;2140;0
2023-12-23;19;20351;3663;6152;2489;22731;22�731;16579;3772;64;0;0;0;978;2121;0
2023-12-23;20;20045;3608;6152;2544;22502;22�502;16350;3695;56;0;0;0;978;2105;0
2023-12-23;21;19433;3498;6152;2654;21943;21�943;15791;3643;43;0;0;0;978;2084;0
2023-12-23;22;18426;3317;6869;3552;21678;21�678;14809;3617;35;0;0;0;978;2035;0
2023-12-23;23;17336;3120;8617;5497;22354;22�354;13737;3599;38;0;0;0;978;1978;0
2023-12-23;24;16938;3049;9002;5953;22354;22�354;13352;3586;35;0;0;0;978;1949;0
2023-12-24;01;14297;2574;11636;9062;22354;22�354;10718;3579;39;0;0;0;978;1812;0
2023-12-24;02;14303;2575;11636;9061;22354;22�354;10718;3585;43;0;0;0;978;1817;0
2023-12-24;03;14189;2554;11763;9209;22354;22�354;10591;3598;55;0;0;0;978;1821;0
2023-12-24;04;13988;2518;11975;9457;22354;22�354;10379;3609;68;0;0;0;978;1821;0
2023-12-24;05;14009;2522;11965;9443;22354;22�354;10389;3621;71;0;0;0;978;1827;0
2023-12-24;06;14347;2582;11636;9053;22354;22�354;10718;3629;75;0;0;0;978;1851;0
2023-12-24;07;14346;2582;11636;9054;22354;22�354;10718;3628;75;0;0;0;978;1849;0
2023-12-24;08;14381;2589;11636;9047;22354;22�354;10718;3662;72;119;0;0;978;1888;0
2023-12-24;09;14675;2642;11571;8930;22354;22�354;10783;3892;67;601;0;0;978;2102;0
2023-12-24;10;15557;2800;10794;7994;22354;22�354;11560;3998;59;888;0;0;978;2255;0
2023-12-24;11;15968;2874;10412;7538;22354;22�354;11942;4026;51;1026;0;0;978;2306;0
2023-12-24;12;16018;2883;10322;7438;22355;22�355;12033;3984;45;1075;0;0;978;2300;0
2023-12-24;13;16163;2909;10413;7504;22725;22�725;12312;3851;42;897;0;0;978;2197;0
2023-12-24;14;16403;2953;10413;7460;23052;23�052;12640;3764;38;694;0;0;978;2111;0
2023-12-24;15;16656;2998;10413;7415;23437;23�437;13024;3631;43;300;0;0;978;1953;0
2023-12-24;16;17089;3076;10413;7337;23950;23�950;13537;3552;43;0;0;0;978;1839;0
2023-12-24;17;17705;3187;10045;6859;24066;24�066;14021;3684;45;0;0;0;978;1891;0
2023-12-24;18;16548;2979;10413;7434;23251;23�251;12838;3710;42;0;0;0;978;1864;0
2023-12-24;19;15691;2824;10369;7544;22446;22�446;12078;3614;48;0;0;0;978;1857;0
2023-12-24;20;15213;2738;10691;7953;22354;22�354;11663;3551;43;0;0;0;978;1832;0
2023-12-24;21;14993;2699;10915;8216;22354;22�354;11439;3554;42;0;0;0;978;1825;0
2023-12-24;22;14733;2652;11182;8530;22354;22�354;11172;3562;37;0;0;0;978;1809;0
2023-12-24;23;14439;2599;11459;8860;22354;22�354;10895;3544;38;0;0;0;978;1793;0
2023-12-24;24;14215;2559;11636;9077;22354;22�354;10718;3496;30;0;0;0;978;1763;0
2023-12-25;01;12705;2287;13118;10831;22354;22�354;9236;3469;23;0;0;0;978;1670;0
2023-12-25;02;12704;2287;13118;10831;22354;22�354;9236;3468;22;0;0;0;978;1669;0
2023-12-25;03;12702;2286;13118;10831;22354;22�354;9236;3466;20;0;0;0;978;1668;0
2023-12-25;04;12706;2287;13118;10831;22354;22�354;9236;3470;20;0;0;0;978;1670;0
2023-12-25;05;12709;2288;13118;10830;22354;22�354;9236;3473;20;0;0;0;978;1672;0
2023-12-25;06;12710;2288;13118;10830;22354;22�354;9236;3473;20;0;0;0;978;1672;0
2023-12-25;07;12710;2288;13118;10830;22354;22�354;9236;3473;18;0;0;0;978;1669;0
2023-12-25;08;12769;2298;13118;10819;22354;22�354;9236;3532;17;119;0;0;978;1721;0
2023-12-25;09;13019;2343;13118;10774;22354;22�354;9236;3783;16;597;0;0;978;1951;0
2023-12-25;10;13173;2371;13118;10747;22354;22�354;9236;3937;19;880;0;0;978;2089;0
2023-12-25;11;13621;2452;12704;10252;22354;22�354;9650;3971;18;1022;0;0;978;2154;0
2023-12-25;12;13794;2483;12501;10018;22354;22�354;9853;3941;20;1067;0;0;978;2160;0
2023-12-25;13;13974;2515;12194;9678;22354;22�354;10160;3813;21;890;0;0;978;2082;0
2023-12-25;14;14167;2550;12011;9460;22431;22�431;10420;3747;24;697;0;0;978;2020;0
2023-12-25;15;14147;2546;12011;9464;22565;22�565;10554;3593;33;300;0;0;978;1860;0
2023-12-25;16;14216;2559;12011;9452;22715;22�715;10705;3511;46;0;0;0;978;1758;0
2023-12-25;17;14896;2681;12011;9329;23152;23�152;11142;3755;58;0;0;0;978;1817;0
2023-12-25;18;14995;2699;12011;9311;23304;23�304;11293;3702;63;0;0;0;978;1806;0
2023-12-25;19;15044;2708;12011;9303;23410;23�410;11399;3645;81;0;0;0;978;1816;0
2023-12-25;20;15067;2712;12011;9298;23446;23�446;11435;3632;81;0;0;0;978;1821;0
2023-12-25;21;14994;2699;12011;9312;23365;23�365;11354;3640;88;0;0;0;978;1833;0
2023-12-25;22;14606;2629;12011;9382;22942;22�942;10931;3674;95;0;0;0;978;1850;0
2023-12-25;23;14173;2551;12011;9459;22570;22�570;10559;3614;87;0;0;0;978;1843;0
2023-12-25;24;13353;2404;12613;10210;22354;22�354;9741;3613;99;0;0;0;978;1817;0
2023-12-26;01;12527;2255;13439;11184;22354;22�354;8915;3612;101;0;0;0;978;1781;0
2023-12-26;02;12686;2283;13284;11000;22354;22�354;9070;3616;108;0;0;0;978;1793;0
2023-12-26;03;12686;2284;13284;11000;22354;22�354;9070;3616;103;0;0;0;978;1792;0
2023-12-26;04;12691;2284;13284;10999;22354;22�354;9070;3621;102;0;0;0;978;1794;0
2023-12-26;05;12681;2283;13284;11001;22354;22�354;9070;3610;88;0;0;0;978;1782;0
2023-12-26;06;12659;2279;13284;11005;22354;22�354;9070;3588;72;0;0;0;978;1761;0
2023-12-26;07;12672;2281;13284;11003;22354;22�354;9070;3602;78;0;0;0;978;1773;0
2023-12-26;08;12568;2262;13430;11167;22354;22�354;8924;3643;57;117;0;0;978;1801;0
2023-12-26;09;12922;2326;13284;10958;22354;22�354;9070;3852;44;596;0;0;978;1997;0
2023-12-26;10;13026;2345;13284;10939;22354;22�354;9070;3956;26;876;0;0;978;2097;0
2023-12-26;11;13701;2466;12624;10158;22354;22�354;9730;3971;16;1012;0;0;978;2165;0
2023-12-26;12;13988;2518;12321;9804;22354;22�354;10033;3956;18;1057;0;0;978;2184;0
2023-12-26;13;14229;2561;11978;9417;22354;22�354;10376;3854;13;882;0;0;978;2116;0
2023-12-26;14;14448;2601;11688;9088;22354;22�354;10666;3782;17;686;0;0;978;2059;0
2023-12-26;15;14454;2602;11551;8949;22384;22�384;10834;3620;20;297;0;0;978;1899;0
2023-12-26;16;14560;2621;11551;8930;22578;22�578;11028;3533;19;0;0;0;978;1790;0
2023-12-26;17;15317;2757;11551;8793;23192;23�192;11641;3676;17;0;0;0;978;1814;0
2023-12-26;18;15450;2781;11551;8770;23303;23�303;11752;3697;16;0;0;0;978;1816;0
2023-12-26;19;15590;2806;11551;8744;23482;23�482;11932;3658;16;0;0;0;978;1810;0
2023-12-26;20;15709;2828;11551;8723;23632;23�632;12081;3628;17;0;0;0;978;1811;0
2023-12-26;21;15538;2797;11551;8754;23505;23�505;11954;3583;23;0;0;0;978;1810;0
2023-12-26;22;15027;2705;11551;8846;23005;23�005;11454;3573;25;0;0;0;978;1809;0
2023-12-26;23;14431;2598;11551;8953;22436;22�436;10886;3546;20;0;0;0;978;1800;0
2023-12-26;24;13460;2423;12435;10013;22354;22�354;9919;3542;24;0;0;0;978;1752;0
2023-12-27;01;14223;2560;11706;9146;22354;22�354;10648;3575;24;0;0;0;978;1815;0
2023-12-27;02;13732;2472;12208;9736;22354;22�354;10146;3586;25;0;0;0;978;1795;0
2023-12-27;03;13496;2429;12453;10024;22354;22�354;9901;3595;24;0;0;0;978;1787;0
2023-12-27;04;13483;2427;12475;10048;22354;22�354;9879;3604;24;0;0;0;978;1791;0
2023-12-27;05;13708;2467;12249;9782;22354;22�354;10105;3603;22;0;0;0;978;1800;0
2023-12-27;06;13923;2506;12031;9525;22354;22�354;10323;3600;18;0;0;0;978;1807;0
2023-12-27;07;15132;2724;10844;8120;22354;22�354;11510;3622;22;0;0;0;978;1875;0
2023-12-27;08;16420;2956;9637;6682;22354;22�354;12717;3703;28;118;0;0;978;1999;23563
2023-12-27;09;17350;3123;8922;5799;22354;22�354;13432;3919;26;600;0;0;978;2240;23563
2023-12-27;10;18249;3285;8132;4848;22354;22�354;14222;4027;28;882;0;0;978;2399;23563
2023-12-27;11;18617;3351;7801;4450;22354;22�354;14553;4064;21;1019;0;0;978;2457;23563
2023-12-27;12;18901;3402;7521;4118;22354;22�354;14833;4068;22;1069;0;0;978;2483;23563
2023-12-27;13;19087;3436;7303;3867;22435;22�435;15132;3955;28;891;0;0;978;2413;23563
2023-12-27;14;19468;3504;7303;3799;22895;22�895;15592;3876;26;691;0;0;978;2337;23563
2023-12-27;15;19370;3487;7303;3816;22950;22�950;15647;3723;35;298;0;0;978;2177;23563
2023-12-27;16;19464;3504;7303;3800;23113;23�113;15810;3654;43;0;0;0;978;2075;23563
2023-12-27;17;20160;3629;7303;3674;23648;23�648;16345;3815;47;0;0;0;978;2110;23563
2023-12-27;18;20079;3614;7303;3689;23554;23�554;16250;3828;48;0;0;0;978;2110;23563
2023-12-27;19;19727;3551;7303;3752;23242;23�242;15939;3788;49;0;0;0;978;2110;23563
2023-12-27;20;19545;3518;7303;3785;23085;23�085;15782;3764;42;0;0;0;978;2103;23563
2023-12-27;21;18983;3417;7303;3886;22599;22�599;15295;3687;36;0;0;0;978;2085;23563
2023-12-27;22;17922;3226;8093;4867;22354;22�354;14261;3661;29;0;0;0;978;2034;23563
2023-12-27;23;16825;3028;9175;6146;22354;22�354;13179;3645;27;0;0;0;978;1976;0
2023-12-27;24;15639;2815;10347;7532;22354;22�354;12007;3632;18;0;0;0;978;1904;0
2023-12-28;01;15602;2808;10381;7573;22354;22�354;11973;3629;14;0;0;0;978;1901;0
2023-12-28;02;15461;2783;10532;7749;22354;22�354;11822;3639;15;0;0;0;978;1899;0
2023-12-28;03;15188;2734;10820;8086;22354;22�354;11534;3654;22;0;0;0;978;1895;0
2023-12-28;04;15228;2741;10781;8040;22354;22�354;11573;3656;15;0;0;0;978;1894;0
2023-12-28;05;15413;2774;10599;7825;22354;22�354;11755;3658;15;0;0;0;978;1904;0
2023-12-28;06;15800;2844;10223;7379;22354;22�354;12131;3669;17;0;0;0;978;1926;0
2023-12-28;07;16566;2982;9474;6492;22354;22�354;12880;3687;11;0;0;0;978;1964;0
2023-12-28;08;17778;3200;8309;5109;22354;22�354;14045;3733;12;118;0;0;978;2076;23563
2023-12-28;09;18362;3305;7936;4631;22354;22�354;14418;3944;11;597;0;0;978;2298;23563
2023-12-28;10;18934;3408;7502;4094;22354;22�354;14852;4083;20;875;0;0;978;2449;23563
2023-12-28;11;19147;3446;7322;3875;22354;22�354;15032;4115;18;1013;0;0;978;2504;23563
2023-12-28;12;19359;3485;7162;3678;22394;22�394;15231;4127;24;1063;0;0;978;2531;23563
2023-12-28;13;19531;3516;7162;3647;22640;22�640;15478;4053;38;886;0;0;978;2465;23563
2023-12-28;14;19773;3559;7162;3603;22949;22�949;15787;3986;60;689;0;0;978;2411;23563
2023-12-28;15;19611;3530;7162;3632;22945;22�945;15782;3829;62;298;0;0;978;2246;23563
2023-12-28;16;19805;3565;7162;3597;23220;23�220;16058;3747;55;0;0;0;978;2130;23563
2023-12-28;17;20417;3675;7162;3487;23662;23�662;16500;3917;62;0;0;0;978;2171;23563
2023-12-28;18;20280;3650;7162;3512;23437;23�437;16274;4005;75;0;0;0;978;2195;23563
2023-12-28;19;19951;3591;7162;3571;23192;23�192;16030;3921;80;0;0;0;978;2195;23563
2023-12-28;20;19671;3541;7162;3621;22940;22�940;15778;3893;90;0;0;0;978;2204;23563
2023-12-28;21;19172;3451;7162;3711;22460;22�460;15298;3873;87;0;0;0;978;2198;23563
2023-12-28;22;18044;3248;8159;4911;22354;22�354;14195;3849;77;0;0;0;978;2136;23563
2023-12-28;23;16888;3040;9285;6245;22354;22�354;13069;3819;69;0;0;0;978;2070;0
2023-12-28;24;15813;2846;10351;7505;22354;22�354;12003;3810;69;0;0;0;978;2013;0
2023-12-29;01;15601;2808;10766;7958;22565;22�565;11799;3802;59;0;0;0;978;1994;0
2023-12-29;02;15459;2783;10919;8136;22565;22�565;11646;3813;62;0;0;0;978;1992;0
2023-12-29;03;15157;2728;11221;8492;22565;22�565;11344;3813;56;0;0;0;978;1973;0
2023-12-29;04;15184;2733;11191;8458;22565;22�565;11374;3810;48;0;0;0;978;1969;0
2023-12-29;05;15410;2774;10967;8193;22565;22�565;11598;3812;47;0;0;0;978;1980;0
2023-12-29;06;15834;2850;10542;7692;22565;22�565;12023;3811;43;0;0;0;978;1998;0
2023-12-29;07;16563;2981;9835;6853;22565;22�565;12730;3833;41;0;0;0;978;2036;0
2023-12-29;08;17774;3199;8669;5470;22565;22�565;13896;3878;42;120;0;0;978;2148;23563
2023-12-29;09;18354;3304;8311;5007;22565;22�565;14254;4100;43;608;0;0;978;2377;23563
2023-12-29;10;18922;3406;7849;4443;22565;22�565;14716;4206;33;893;0;0;978;2507;23563
2023-12-29;11;19135;3444;7663;4219;22565;22�565;14902;4234;25;1028;0;0;978;2551;23563
2023-12-29;12;19347;3483;7433;3950;22571;22�571;15138;4209;23;1075;0;0;978;2563;23563
2023-12-29;13;19521;3514;7416;3903;22835;22�835;15418;4103;32;896;0;0;978;2485;23563
2023-12-29;14;19764;3558;7416;3859;23155;23�155;15738;4026;31;696;0;0;978;2407;23563
2023-12-29;15;19604;3529;7416;3888;23162;23�162;15745;3859;30;301;0;0;978;2237;23563
2023-12-29;16;19800;3564;7416;3853;23438;23�438;16021;3778;32;0;0;0;978;2126;23563
2023-12-29;17;20412;3674;7416;3742;23891;23�891;16475;3937;35;0;0;0;978;2162;23563
2023-12-29;18;20275;3649;7416;3767;23635;23�635;16219;4056;33;0;0;0;978;2177;23563
2023-12-29;19;19946;3590;7416;3826;23401;23�401;15985;3962;32;0;0;0;978;2169;23563
2023-12-29;20;19666;3540;7416;3877;23191;23�191;15775;3891;32;0;0;0;978;2163;23563
2023-12-29;21;19167;3450;7385;3935;22711;22�711;15326;3841;32;0;0;0;978;2157;23563
2023-12-29;22;18040;3247;8369;5122;22565;22�565;14196;3844;38;0;0;0;978;2113;23563
2023-12-29;23;16877;3038;9519;6481;22565;22�565;13046;3831;44;0;0;0;978;2059;0
2023-12-29;24;15779;2840;10611;7771;22565;22�565;11954;3825;42;0;0;0;978;2000;0
2023-12-30;01;15005;2701;11343;8642;22565;22�565;11222;3784;36;0;0;0;978;1945;0
2023-12-30;02;15015;2703;11343;8641;22565;22�565;11222;3794;38;0;0;0;978;1950;0
2023-12-30;03;14781;2661;11581;8920;22565;22�565;10984;3797;35;0;0;0;978;1938;0
2023-12-30;04;14713;2648;11654;9006;22565;22�565;10911;3802;35;0;0;0;978;1936;0
2023-12-30;05;14778;2660;11602;8942;22565;22�565;10963;3815;44;0;0;0;978;1949;0
2023-12-30;06;15046;2708;11343;8635;22565;22�565;11222;3824;52;0;0;0;978;1971;0
2023-12-30;07;14904;2683;11492;8809;22565;22�565;11073;3831;60;0;0;0;978;1972;0
2023-12-30;08;15261;2747;11193;8446;22565;22�565;11372;3888;69;121;0;0;978;2049;0
2023-12-30;09;15608;2809;11088;8279;22565;22�565;11477;4131;69;613;0;0;978;2268;0
2023-12-30;10;16433;2958;10369;7411;22565;22�565;12196;4237;64;901;0;0;978;2415;0
2023-12-30;11;16964;3054;9858;6805;22565;22�565;12707;4258;58;1038;0;0;978;2478;0
2023-12-30;12;17221;3100;9576;6476;22565;22�565;12989;4232;47;1088;0;0;978;2485;0
2023-12-30;13;17305;3115;9376;6261;22565;22�565;13189;4116;40;907;0;0;978;2400;0
2023-12-30;14;17504;3151;9132;5981;22602;22�602;13471;4033;43;704;0;0;978;2335;0
2023-12-30;15;17512;3152;9132;5980;22760;22�760;13628;3884;46;305;0;0;978;2170;0
2023-12-30;16;17890;3220;9132;5911;23209;23�209;14077;3814;61;0;0;0;978;2073;0
2023-12-30;17;18879;3398;9132;5734;23973;23�973;14842;4037;73;0;0;0;978;2129;0
2023-12-30;18;18790;3382;9132;5750;23822;23�822;14690;4099;90;0;0;0;978;2152;0
2023-12-30;19;18636;3354;9132;5777;23731;23�731;14599;4037;97;0;0;0;978;2155;0
2023-12-30;20;18374;3307;9132;5824;23540;23�540;14408;3966;90;0;0;0;978;2142;0
2023-12-30;21;17950;3231;9132;5901;23201;23�201;14070;3880;49;0;0;0;978;2092;0
2023-12-30;22;17005;3061;9419;6358;22565;22�565;13146;3858;61;0;0;0;978;2083;0
2023-12-30;23;15986;2878;10433;7555;22565;22�565;12132;3854;72;0;0;0;978;2042;0
2023-12-30;24;14925;2687;11492;8805;22565;22�565;11073;3852;78;0;0;0;978;1991;0
2023-12-31;01;14404;2593;11981;9388;22565;22�565;10584;3820;66;0;0;0;978;1937;0
2023-12-31;02;14393;2591;11981;9390;22565;22�565;10584;3809;55;0;0;0;978;1929;0
2023-12-31;03;14340;2581;12039;9457;22565;22�565;10527;3813;61;0;0;0;978;1933;0
2023-12-31;04;14159;2549;12203;9654;22565;22�565;10362;3797;60;0;0;0;978;1918;0
2023-12-31;05;14205;2557;12170;9613;22565;22�565;10395;3810;77;0;0;0;978;1937;0
2023-12-31;06;14390;2590;11981;9391;22565;22�565;10584;3806;78;0;0;0;978;1946;0
2023-12-31;07;14352;2583;11981;9398;22565;22�565;10584;3768;62;0;0;0;978;1920;0
2023-12-31;08;14373;2587;11981;9394;22565;22�565;10584;3789;55;121;0;0;978;1948;0
2023-12-31;09;14703;2647;11850;9204;22565;22�565;10715;3988;56;613;0;0;978;2156;0
2023-12-31;10;15439;2779;11202;8423;22565;22�565;11363;4076;48;903;0;0;978;2286;0
2023-12-31;11;15860;2855;10822;7967;22565;22�565;11743;4117;46;1040;0;0;978;2339;0
2023-12-31;12;15969;2874;10709;7835;22565;22�565;11856;4113;32;1084;0;0;978;2343;0
2023-12-31;13;16140;2905;10445;7540;22570;22�570;12125;4015;30;900;0;0;978;2272;0
2023-12-31;14;16364;2945;10267;7321;22713;22�713;12446;3917;25;702;0;0;978;2189;0
2023-12-31;15;16426;2957;10290;7334;22961;22�961;12671;3755;32;301;0;0;978;2023;0
2023-12-31;16;16711;3008;10290;7282;23326;23�326;13035;3675;41;0;0;0;978;1919;0
2023-12-31;17;17664;3180;10290;7111;24112;24�112;13822;3842;37;0;0;0;978;1955;0
2023-12-31;18;17737;3193;10290;7098;24142;24�142;13852;3885;45;0;0;0;978;1971;0
2023-12-31;19;17377;3128;10290;7162;23837;23�837;13547;3830;29;0;0;0;978;1954;0
2023-12-31;20;16687;3004;10290;7287;23199;23�199;12909;3778;32;0;0;0;978;1952;0
2023-12-31;21;15609;2810;10719;7910;22565;22�565;11846;3764;46;0;0;0;978;1943;0
2023-12-31;22;14794;2663;11512;8849;22565;22�565;11053;3741;49;0;0;0;978;1902;0
2023-12-31;23;14303;2575;11981;9406;22565;22�565;10584;3719;46;0;0;0;978;1880;0
2023-12-31;24;14004;2521;12267;9746;22565;22�565;10298;3706;44;0;0;0;978;1856;0
2024-01-01;01;14160;2549;11340;8791;21940;21�940;10600;3560;39;0;0;0;1�183;1769;0
2024-01-01;02;13607;2449;11879;9430;21940;21�940;10061;3547;32;0;0;0;1�183;1733;0
2024-01-01;03;13054;2350;12425;10075;21940;21�940;9515;3539;34;0;0;0;1�183;1702;0
2024-01-01;04;13047;2348;12425;10076;21940;21�940;9515;3532;33;0;0;0;1�183;1700;0
2024-01-01;05;13037;2347;12425;10078;21940;21�940;9515;3521;34;0;0;0;1�183;1697;0
2024-01-01;06;13033;2346;12425;10079;21940;21�940;9515;3517;32;0;0;0;1�183;1697;0
2024-01-01;07;13019;2343;12425;10081;21940;21�940;9515;3504;32;0;0;0;1�183;1690;0
2024-01-01;08;13054;2350;12425;10075;21940;21�940;9515;3539;30;122;0;0;1�183;1733;0
2024-01-01;09;13251;2385;12425;10040;21940;21�940;9515;3736;28;605;0;0;1�183;1935;0
2024-01-01;10;13376;2408;12425;10017;21940;21�940;9515;3861;24;922;0;0;1�183;2069;0
2024-01-01;11;13419;2415;12425;10009;21940;21�940;9515;3904;19;1086;0;0;1�183;2128;0
2024-01-01;12;13453;2422;12425;10003;21940;21�940;9515;3938;16;1196;0;0;1�183;2163;0
2024-01-01;13;13867;2496;11941;9445;21940;21�940;9999;3868;16;1058;0;0;1�183;2124;0
2024-01-01;14;14449;2601;11283;8682;21940;21�940;10657;3792;14;845;0;0;1�183;2075;0
2024-01-01;15;14689;2644;10955;8311;21940;21�940;10985;3704;20;578;0;0;1�183;1990;0
2024-01-01;16;15050;2709;10521;7812;22024;22�024;11503;3547;23;99;0;0;1�183;1824;0
2024-01-01;17;16223;2920;10233;7313;22884;22�884;12651;3572;24;0;0;0;1�183;1814;0
2024-01-01;18;16589;2986;10290;7304;23248;23�248;12958;3631;23;0;0;0;1�183;1816;0
2024-01-01;19;16576;2984;10290;7306;23231;23�231;12941;3635;25;0;0;0;1�183;1812;0
2024-01-01;20;16747;3015;10290;7276;23404;23�404;13114;3634;27;0;0;0;1�183;1818;0
2024-01-01;21;16362;2945;10258;7313;22988;22�988;12729;3632;32;0;0;0;1�183;1828;0
2024-01-01;22;15536;2796;10169;7372;22104;22�104;11935;3600;32;0;0;0;1�183;1828;0
2024-01-01;23;14893;2681;10636;7955;21940;21�940;11304;3589;34;0;0;0;1�183;1808;0
2024-01-01;24;13876;2498;11642;9144;21940;21�940;10298;3578;35;0;0;0;1�183;1753;0
2024-01-02;01;14610;2630;10928;8299;21940;21�940;11012;3598;38;0;0;0;1�183;1795;0
2024-01-02;02;14150;2547;11378;8831;21940;21�940;10562;3588;40;0;0;0;1�183;1770;0
2024-01-02;03;13994;2519;11529;9010;21940;21�940;10411;3583;45;0;0;0;1�183;1761;0
2024-01-02;04;14055;2530;11470;8940;21940;21�940;10470;3585;46;0;0;0;1�183;1765;0
2024-01-02;05;14332;2580;11204;8624;21940;21�940;10736;3596;46;0;0;0;1�183;1784;0
2024-01-02;06;14566;2622;10986;8364;21940;21�940;10954;3612;46;0;0;0;1�183;1805;0
2024-01-02;07;16388;2950;9182;6232;21940;21�940;12758;3630;47;0;0;0;1�183;1901;0
2024-01-02;08;20698;3726;4927;1201;21940;21�940;17013;3685;43;125;0;0;1�183;2162;20755
2024-01-02;09;21440;3859;4404;545;21940;21�940;17536;3905;37;613;0;0;1�183;2400;20755
2024-01-02;10;21550;3879;4458;579;21940;21�940;17482;4068;37;937;0;0;1�183;2551;20755
2024-01-02;11;21639;3895;4424;529;21940;21�940;17516;4123;36;1107;0;0;1�183;2619;20755
2024-01-02;12;21852;3933;4222;288;21941;21�941;17719;4134;28;1217;0;0;1�183;2658;20755
2024-01-02;13;22115;3981;3946;-35;22030;22�030;18084;4031;20;1075;0;0;1�183;2591;20755
2024-01-02;14;22245;4004;3950;-54;22252;22�252;18302;3943;17;857;0;0;1�183;2502;20755
2024-01-02;15;22123;3982;3950;-32;22238;22�238;18288;3835;17;585;0;0;1�183;2389;20755
2024-01-02;16;22301;4014;3950;-64;22593;22�593;18643;3658;20;100;0;0;1�183;2191;20755
2024-01-02;17;23104;4159;3950;-209;23291;23�291;19341;3763;22;0;0;0;1�183;2182;20755
2024-01-02;18;23016;4143;3950;-193;23166;23�166;19216;3800;22;0;0;0;1�183;2172;20755
2024-01-02;19;22814;4107;3950;-157;23014;23�014;19065;3749;22;0;0;0;1�183;2167;20755
2024-01-02;20;22627;4073;3950;-123;22883;22�883;18933;3694;22;0;0;0;1�183;2156;20755
2024-01-02;21;21973;3955;3950;-5;22285;22�285;18335;3639;22;0;0;0;1�183;2141;20755
2024-01-02;22;20318;3657;5221;1563;21940;21�940;16719;3599;22;0;0;0;1�183;2070;20755
2024-01-02;23;19126;3443;6402;2960;21940;21�940;15538;3588;23;0;0;0;1�183;2014;0
2024-01-02;24;18081;3254;7430;4175;21940;21�940;14510;3570;26;0;0;0;1�183;1955;0
2024-01-03;01;18866;3396;6607;3211;21940;21�940;15333;3533;29;0;0;0;1�183;1984;0
2024-01-03;02;18400;3312;7038;3726;21940;21�940;14902;3498;33;0;0;0;1�183;1952;0
2024-01-03;03;18250;3285;7135;3850;21940;21�940;14805;3445;41;0;0;0;1�183;1933;0
2024-01-03;04;18412;3314;6969;3655;21940;21�940;14971;3441;52;0;0;0;1�183;1947;0
2024-01-03;05;18683;3363;6731;3368;21940;21�940;15209;3473;67;0;0;0;1�183;1979;0
2024-01-03;06;18457;3322;7004;3682;21940;21�940;14936;3521;77;0;0;0;1�183;1988;0
2024-01-03;07;21038;3787;4476;689;21940;21�940;17464;3574;87;0;0;0;1�183;2129;0
2024-01-03;08;22331;4020;3279;-741;21940;21�940;18662;3670;103;126;0;0;1�183;2260;20755
2024-01-03;09;22782;4101;3257;-843;22129;22�129;18872;3909;112;621;0;0;1�183;2484;20755
2024-01-03;10;22785;4101;3257;-844;21978;21�978;18721;4064;90;950;0;0;1�183;2616;20755
2024-01-03;11;22771;4099;3266;-833;21940;21�940;18674;4097;59;1124;0;0;1�183;2649;20755
2024-01-03;12;22797;4103;3268;-835;21940;21�940;18672;4125;52;1241;0;0;1�183;2685;20755
2024-01-03;13;23061;4151;3257;-894;22283;22�283;19026;4034;52;1099;0;0;1�183;2617;20755
2024-01-03;14;23101;4158;3257;-901;22409;22�409;19152;3949;69;873;0;0;1�183;2539;20755
2024-01-03;15;22891;4120;3257;-863;22239;22�239;18982;3909;103;598;0;0;1�183;2477;20755
2024-01-03;16;23075;4154;3257;-896;22570;22�570;19312;3763;116;102;0;0;1�183;2292;20755
2024-01-03;17;23967;4314;3257;-1057;23311;23�311;20054;3913;143;0;0;0;1�183;2323;20755
2024-01-03;18;23983;4317;3257;-1060;23261;23�261;20004;3980;160;0;0;0;1�183;2324;20755
2024-01-03;19;23597;4247;3257;-990;22925;22�925;19668;3929;173;0;0;0;1�183;2340;20755
2024-01-03;20;23227;4181;3257;-924;22588;22�588;19330;3897;166;0;0;0;1�183;2337;20755
2024-01-03;21;22309;4016;3454;-562;21940;21�940;18486;3823;159;0;0;0;1�183;2308;20755
2024-01-03;22;20591;3706;5110;1404;21940;21�940;16830;3761;148;0;0;0;1�183;2203;20755
2024-01-03;23;19500;3510;6160;2650;21940;21�940;15780;3720;134;0;0;0;1�183;2130;0
2024-01-03;24;19021;3424;6607;3183;21940;21�940;15333;3688;131;0;0;0;1�183;2089;0
2024-01-04;01;18709;3368;6895;3527;21940;21�940;15045;3664;111;0;0;0;1�183;2065;0
2024-01-04;02;18290;3292;7296;4004;21940;21�940;14644;3646;102;0;0;0;1�183;2031;0
2024-01-04;03;18138;3265;7447;4182;21940;21�940;14493;3645;107;0;0;0;1�183;2024;0
2024-01-04;04;18193;3275;7412;4137;21940;21�940;14528;3665;123;0;0;0;1�183;2043;0
2024-01-04;05;18559;3341;7032;3691;21940;21�940;14908;3650;109;0;0;0;1�183;2046;0
2024-01-04;06;18297;3293;7292;3999;21940;21�940;14648;3649;103;0;0;0;1�183;2029;0
2024-01-04;07;20837;3751;4739;988;21940;21�940;17202;3636;98;0;0;0;1�183;2137;0
2024-01-04;08;22135;3984;3553;-431;22005;22�005;18452;3683;95;127;0;0;1�183;2239;20755
2024-01-04;09;22580;4064;3553;-512;22230;22�230;18677;3904;91;627;0;0;1�183;2444;20755
2024-01-04;10;22580;4064;3553;-511;22068;22�068;18515;4065;86;958;0;0;1�183;2591;20755
2024-01-04;11;22572;4063;3553;-510;21980;21�980;18427;4145;84;1134;0;0;1�183;2665;20755
2024-01-04;12;22598;4068;3553;-515;21975;21�975;18423;4176;75;1252;0;0;1�183;2703;20755
2024-01-04;13;22684;4083;3553;-530;22129;22�129;18576;4107;73;1104;0;0;1�183;2638;20755
2024-01-04;14;22632;4074;3553;-521;22181;22�181;18628;4004;71;877;0;0;1�183;2543;20755
2024-01-04;15;22518;4053;3553;-500;22162;22�162;18609;3909;79;598;0;0;1�183;2442;20755
2024-01-04;16;22801;4104;3553;-551;22625;22�625;19072;3729;81;102;0;0;1�183;2242;20755
2024-01-04;17;23694;4265;3553;-712;23387;23�387;19834;3861;87;0;0;0;1�183;2244;20755
2024-01-04;18;23604;4249;3553;-696;23232;23�232;19679;3925;89;0;0;0;1�183;2253;20755
2024-01-04;19;23319;4197;3553;-645;22975;22�975;19422;3897;83;0;0;0;1�183;2246;20755
2024-01-04;20;22851;4113;3553;-560;22554;22�554;19001;3850;81;0;0;0;1�183;2242;20755
2024-01-04;21;21926;3947;3814;-133;21940;21�940;18126;3800;77;0;0;0;1�183;2225;20755
2024-01-04;22;20301;3654;5404;1750;21940;21�940;16536;3766;77;0;0;0;1�183;2140;20755
2024-01-04;23;19219;3459;6455;2996;21940;21�940;15485;3734;81;0;0;0;1�183;2085;0
2024-01-04;24;18746;3374;6895;3521;21940;21�940;15045;3701;80;0;0;0;1�183;2047;0
2024-01-05;01;18242;3284;7334;4050;21940;21�940;14606;3636;73;0;0;0;1�183;2004;0
2024-01-05;02;17922;3226;7624;4398;21940;21�940;14316;3606;69;0;0;0;1�183;1976;0
2024-01-05;03;17755;3196;7739;4543;21940;21�940;14201;3555;65;0;0;0;1�183;1949;0
2024-01-05;04;17746;3194;7746;4552;21940;21�940;14194;3552;69;0;0;0;1�183;1951;0
2024-01-05;05;18171;3271;7334;4063;21940;21�940;14606;3564;68;0;0;0;1�183;1974;0
2024-01-05;06;17874;3217;7699;4482;21940;21�940;14241;3633;68;0;0;0;1�183;1980;0
2024-01-05;07;20287;3652;5268;1616;21940;21�940;16672;3614;65;0;0;0;1�183;2080;0
2024-01-05;08;21586;3885;4028;142;21951;21�951;17924;3662;68;126;0;0;1�183;2188;20755
2024-01-05;09;22128;3983;3929;-54;22172;22�172;18243;3885;81;619;0;0;1�183;2410;20755
2024-01-05;10;22222;4000;3929;-71;22143;22�143;18214;4008;50;948;0;0;1�183;2528;20755
2024-01-05;11;22303;4015;3929;-86;22125;22�125;18196;4107;40;1122;0;0;1�183;2601;20755
2024-01-05;12;22327;4019;3851;-168;22030;22�030;18179;4148;26;1239;0;0;1�183;2642;20755
2024-01-05;13;22410;4034;3929;-105;22250;22�250;18321;4089;28;1091;0;0;1�183;2579;20755
2024-01-05;14;22260;4007;3929;-78;22175;22�175;18246;4014;32;870;0;0;1�183;2498;20755
2024-01-05;15;22135;3984;3929;-55;22122;22�122;18193;3942;29;594;0;0;1�183;2399;20755
2024-01-05;16;22407;4033;3929;-104;22511;22�511;18582;3825;42;102;0;0;1�183;2224;20755
2024-01-05;17;23409;4214;3929;-285;23475;23�475;19546;3863;48;0;0;0;1�183;2194;20755
2024-01-05;18;23416;4215;3929;-286;23431;23�431;19502;3913;56;0;0;0;1�183;2201;20755
2024-01-05;19;22760;4097;3929;-168;22803;22�803;18874;3886;63;0;0;0;1�183;2209;20755
2024-01-05;20;22290;4012;3929;-83;22359;22�359;18430;3859;63;0;0;0;1�183;2213;20755
2024-01-05;21;21274;3829;4507;678;21940;21�940;17433;3841;67;0;0;0;1�183;2193;20755
2024-01-05;22;19739;3553;6032;2479;21940;21�940;15908;3832;63;0;0;0;1�183;2120;20755
2024-01-05;23;18644;3356;7109;3753;21940;21�940;14831;3813;54;0;0;0;1�183;2060;0
2024-01-05;24;18341;3301;7385;4083;21940;21�940;14555;3786;46;0;0;0;1�183;2029;0
2024-01-06;01;15975;2875;9416;6541;21712;21�712;12296;3679;42;0;0;0;1�183;1887;0
2024-01-06;02;15818;2847;9571;6723;21712;21�712;12141;3677;48;0;0;0;1�183;1883;0
2024-01-06;03;15807;2845;9571;6726;21712;21�712;12141;3665;47;0;0;0;1�183;1877;0
2024-01-06;04;15800;2844;9571;6727;21712;21�712;12141;3658;50;0;0;0;1�183;1877;0
2024-01-06;05;15817;2847;9571;6724;21712;21�712;12141;3676;46;0;0;0;1�183;1881;0
2024-01-06;06;15824;2848;9571;6722;21712;21�712;12141;3682;35;0;0;0;1�183;1877;0
2024-01-06;07;15816;2847;9571;6724;21712;21�712;12141;3674;31;0;0;0;1�183;1861;0
2024-01-06;08;15873;2857;9571;6714;21712;21�712;12141;3732;39;126;0;0;1�183;1912;0
2024-01-06;09;16096;2897;9571;6673;21712;21�712;12141;3955;48;623;0;0;1�183;2129;0
2024-01-06;10;16333;2940;9481;6541;21712;21�712;12231;4102;38;948;0;0;1�183;2269;0
2024-01-06;11;16782;3021;9097;6076;21712;21�712;12615;4167;26;1124;0;0;1�183;2352;0
2024-01-06;12;16896;3041;9031;5990;21712;21�712;12681;4215;22;1241;0;0;1�183;2403;0
2024-01-06;13;17158;3089;8706;5618;21712;21�712;13006;4153;20;1095;0;0;1�183;2358;0
2024-01-06;14;17285;3111;8593;5482;21802;21�802;13208;4076;20;871;0;0;1�183;2277;0
2024-01-06;15;16978;3056;8730;5674;21712;21�712;12982;3995;22;596;0;0;1�183;2169;0
2024-01-06;16;17071;3073;8618;5546;21869;21�869;13250;3821;25;102;0;0;1�183;1976;0
2024-01-06;17;18155;3268;8618;5351;22930;22�930;14312;3843;26;0;0;0;1�183;1948;0
2024-01-06;18;18452;3321;8618;5297;23191;23�191;14572;3880;26;0;0;0;1�183;1932;0
2024-01-06;19;18344;3302;8618;5316;23110;23�110;14491;3853;26;0;0;0;1�183;1935;0
2024-01-06;20;18246;3284;8618;5334;23060;23�060;14442;3804;23;0;0;0;1�183;1929;0
2024-01-06;21;17600;3168;8618;5450;22435;22�435;13817;3783;21;0;0;0;1�183;1930;0
2024-01-06;22;16781;3021;8678;5657;21718;21�718;13040;3741;17;0;0;0;1�183;1918;0
2024-01-06;23;15861;2855;9571;6716;21712;21�712;12141;3720;13;0;0;0;1�183;1869;0
2024-01-06;24;15830;2849;9571;6721;21712;21�712;12141;3689;14;0;0;0;1�183;1856;0
