Doba;Godzina;Prognozowane zapotrzebowanie sieci;Wymagana rezerwa mocy OSP;Nadwy¿ka mocy dostêpna dla OSP (7) + (9) - [(3) - (12)] - (13);Nadwy¿ka mocy dostêpna dla OSP ponad wymagan¹ rezerwê moc (5) - (4);Moc dyspozycyjna JW i magazynów energii œwiadcz¹cych us³ugi bilansuj¹ce w ramach RB;Moc dyspozycyjna JW i magazynów energii œwiadcz¹cych us³ugi bilansuj¹ce w ramach RB dostêpna dla OSP;Przewidywana generacja JW i magazynów energii œwiadcz¹cych us³ugi bilansuj¹ce w ramach RB (3) - (9);Prognozowana generacja JW i magazynów energii nie œwiadcz¹cych us³ug bilansuj¹cych w ramach RB;Prognozowana sumaryczna generacja Ÿróde³ wiatrowych;Prognozowana sumaryczna generacja Ÿróde³ fotowoltaicznych;Planowane saldo wymiany miêdzysystemowej;Prognozowana wielkoœæ niedyspozycyjnoœci wynikaj¹ca z ograniczeñ sieciowych wystêpuj¹cych w sieci przesy³owej oraz sieci dystrybucyjnej w zakresie dostarczania energii elektrycznej;Prognozowana wielkoœæ niedyspozycyjnoœci wynikaj¹cych z warunków eksploatacyjnych JW œwiadcz¹cych us³ugi bilansuj¹ce w ramach RB;Przewidywana generacja zasobów wytwórczych nieobjêtych obowi¹zkami mocowymi;Obowi¹zki mocowe wszystkich jednostek rynku mocy
2023-05-23;01;14523;1329;5635;4306;19701;14 224;8589;4657;2816;0;1277;0;0;11626;0
2023-05-23;02;13792;1310;5799;4489;19698;14 221;8422;4663;2843;0;707;0;0;11382;0
2023-05-23;03;13333;1301;5892;4590;19702;14 225;8333;4582;2777;0;418;0;0;11514;0
2023-05-23;04;13193;1281;5988;4707;19713;14 236;8249;4427;2559;0;517;0;0;11284;0
2023-05-23;05;13374;1270;5686;4416;19746;14 269;8583;3911;2040;3;880;0;0;10861;0
2023-05-23;06;13753;1280;5666;4386;19801;14 324;8658;3754;1832;141;1341;0;0;11006;0
2023-05-23;07;15717;1534;3659;2124;19913;14 226;10568;3864;1641;831;1285;0;0;13341;0
2023-05-23;08;16330;1673;3243;1570;19811;14 124;10881;4221;1019;2741;1228;0;0;2976;22848
2023-05-23;09;15797;1791;3089;1298;19556;13 869;10780;4423;296;4832;594;0;0;3193;22848
2023-05-23;10;15222;1826;3527;1701;19449;14 122;10412;4685;116;6054;125;183;0;3533;22848
2023-05-23;11;14353;1791;4924;3133;19513;14 186;9079;5250;467;6705;24;183;0;4123;22848
2023-05-23;12;14717;1839;5930;4091;19560;14 978;8865;5827;901;7025;25;183;0;4699;22848
2023-05-23;13;14855;1844;5664;3820;19549;14 967;9120;5711;853;6871;24;183;0;4588;22848
2023-05-23;14;15499;1863;4718;2855;19547;15 186;10285;5189;710;6016;26;183;0;4067;22848
2023-05-23;15;15774;1851;3643;1792;19278;14 917;11092;4658;697;4909;24;183;0;3586;22848
2023-05-23;16;16242;1781;3339;1557;19347;14 986;11463;4275;663;4012;504;184;0;3168;22848
2023-05-23;17;16619;1719;3261;1541;19446;14 875;11432;3927;621;3273;1260;183;0;2807;22848
2023-05-23;18;17424;1704;2983;1279;20061;15 490;12325;3372;609;2163;1727;183;0;2342;22848
2023-05-23;19;17867;1713;2627;913;20327;15 756;13130;3195;873;1080;1543;0;0;2230;22848
2023-05-23;20;18578;1776;1423;-353;20235;15 664;14241;3133;1067;328;1204;0;0;2243;22848
2023-05-23;21;18975;1785;1326;-459;20310;15 739;14413;3279;1366;22;1284;0;0;2411;22848
2023-05-23;22;18454;1714;2222;509;20361;15 790;13568;3667;1792;0;1219;0;0;2767;22848
2023-05-23;23;17099;1579;3947;2368;20619;16 048;12101;3786;2017;0;1212;0;0;14505;0
2023-05-23;24;15653;1458;5357;3900;20872;16 124;10767;3866;2119;0;1020;0;0;13184;0
2023-05-24;01;14479;1337;5697;4360;19413;15 253;9556;3849;2106;0;1074;0;0;11700;0
2023-05-24;02;13818;1320;5962;4642;19418;15 258;9296;3813;2038;0;709;0;0;11241;0
2023-05-24;03;13591;1341;5743;4402;19418;15 258;9515;3742;1976;0;334;0;0;11346;0
2023-05-24;04;13726;1345;5700;4355;19459;15 299;9599;3720;1964;0;407;0;0;11471;0
2023-05-24;05;13680;1307;6053;4746;19507;15 347;9294;3600;1841;3;787;0;0;11018;0
2023-05-24;06;14076;1314;6110;4796;19588;15 258;9148;3594;1789;108;1334;0;0;11327;0
2023-05-24;07;15931;1495;4846;3351;19551;15 176;10330;3764;1628;754;1837;0;0;13044;0
2023-05-24;08;16911;1629;4487;2858;19551;15 176;10689;4231;1427;1947;1991;0;0;2895;22848
2023-05-24;09;17166;1765;4037;2272;19680;15 305;11268;4551;1265;3110;1347;0;0;3231;22848
2023-05-24;10;17069;1780;4011;2231;19684;15 309;11298;4502;1068;3619;1269;0;0;3216;22848
2023-05-24;11;16370;1839;3789;1950;19390;15 015;11226;4611;880;4493;533;0;0;3381;22848
2023-05-24;12;16580;1916;3517;1601;19711;15 336;11819;4677;794;4883;84;0;0;3462;22848
2023-05-24;13;16572;1926;3381;1455;19622;15 247;11866;4654;733;5013;52;0;0;3669;22848
2023-05-24;14;16464;1874;3734;1860;19500;15 349;11615;4625;802;4792;224;0;0;3617;22848
2023-05-24;15;16006;1827;3927;2100;19406;15 255;11328;4454;766;4495;224;0;0;3448;22848
2023-05-24;16;16139;1750;4023;2273;19371;15 220;11197;4159;738;3781;783;0;0;3116;22848
2023-05-24;17;16699;1704;4248;2544;19517;15 366;11119;4027;861;3148;1553;0;0;2967;22848
2023-05-24;18;17187;1598;4361;2764;19487;15 336;10975;3668;942;2122;2544;0;0;2658;22848
2023-05-24;19;17609;1601;4281;2679;20231;16 080;11800;3334;1033;1079;2476;0;0;2367;22848
2023-05-24;20;18292;1686;3020;1334;20623;16 472;13452;2951;910;317;1889;0;0;2052;22848
2023-05-24;21;18834;1795;1750;-45;20676;16 525;14775;2992;1052;26;1067;0;0;2142;22848
2023-05-24;22;18216;1604;3429;1825;20658;16 507;13078;2993;1113;0;2146;0;0;2048;22848
2023-05-24;23;16895;1427;4471;3044;20531;15 847;11376;2756;984;0;2762;0;0;12374;0
2023-05-24;24;15526;1341;4995;3654;20508;15 603;10608;2674;942;0;2244;0;0;11649;0
2023-05-25;01;14601;1276;4493;3217;19514;14 609;10116;2723;982;0;1761;0;0;10970;0
2023-05-25;02;13862;1278;4873;3595;19503;14 598;9724;2869;1130;0;1268;0;0;11054;0
2023-05-25;03;13485;1277;5295;4019;19503;14 598;9303;3282;1554;0;901;0;0;11160;0
2023-05-25;04;13520;1291;5061;3771;19508;14 603;9542;3195;1469;0;784;0;0;11055;0
2023-05-25;05;13702;1295;4754;3459;19525;14 620;9867;2887;1159;4;949;0;0;10558;0
2023-05-25;06;14116;1312;4576;3264;19558;14 653;10077;2592;755;156;1446;0;0;10899;0
2023-05-25;07;15828;1513;3198;1685;19475;14 570;11372;2745;555;923;1712;0;0;12997;0
2023-05-25;08;16611;1686;2805;1119;19865;14 765;11959;3339;372;2372;1312;0;0;2175;22848
2023-05-25;09;16840;1822;2746;925;20418;15 296;12550;3660;202;3578;631;0;0;2516;22848
2023-05-25;10;16267;1844;3144;1300;20105;14 983;11839;4079;250;4685;349;0;0;3022;22848
2023-05-25;11;15744;1854;3171;1317;19501;14 379;11208;4413;356;5327;123;0;0;3394;22848
2023-05-25;12;15798;1865;3219;1353;19346;14 224;11006;4668;547;5525;124;0;0;3664;22848
2023-05-25;13;15714;1859;3490;1631;19251;14 129;10639;4952;805;5546;123;0;0;3933;22848
2023-05-25;14;15853;1847;3516;1669;19251;14 129;10613;5083;1024;5267;157;0;0;4045;22848
2023-05-25;15;15410;1802;4365;2563;19240;14 118;9753;5434;1388;5244;224;0;0;4397;22848
2023-05-25;16;15466;1777;4241;2464;19241;14 119;9878;5365;1498;4751;223;0;0;4300;22848
2023-05-25;17;16260;1789;3218;1429;19517;14 395;11177;4861;1515;3490;223;0;0;3775;22848
2023-05-25;18;16579;1721;3707;1987;19884;14 762;11055;4649;1556;2903;875;0;0;3560;22848
2023-05-25;19;17634;1711;2904;1193;20432;15 310;12405;3796;1348;1340;1432;0;0;2682;22848
2023-05-25;20;18314;1697;2526;829;20735;15 613;13087;3458;1324;354;1769;0;0;2285;22848
2023-05-25;21;18741;1705;2297;592;20777;15 655;13358;3456;1466;34;1926;0;0;2304;22848
2023-05-25;22;18325;1583;3300;1717;20792;15 670;12369;3470;1523;0;2485;0;0;2291;22848
2023-05-25;23;16775;1450;4745;3295;20795;15 673;10928;3451;1598;0;2396;0;0;12912;0
2023-05-25;24;15349;1344;4915;3571;20897;14 639;9724;3673;1835;0;1951;0;0;12005;0
2023-05-26;01;14289;1240;4816;3576;19422;13 164;8348;3871;2054;0;2070;0;0;10911;0
2023-05-26;02;13687;1231;4621;3390;19422;13 164;8543;3580;1770;0;1563;0;0;10660;0
2023-05-26;03;13338;1239;4613;3374;19427;13 169;8556;3632;1807;0;1150;0;0;10887;0
2023-05-26;04;13321;1242;4542;3300;19470;13 212;8670;3542;1712;0;1109;0;0;10860;0
2023-05-26;05;13265;1241;4525;3285;19526;13 268;8742;3443;1657;5;1080;0;0;10777;0
2023-05-26;06;13728;1250;4697;3448;19637;13 169;8472;3540;1629;209;1716;0;0;10873;0
2023-05-26;07;15476;1491;3161;1669;19666;13 111;9951;3805;1410;1296;1720;0;0;12889;0
2023-05-26;08;16529;1719;2800;1080;20877;14 062;11262;4221;969;2918;1046;0;0;2956;22848
2023-05-26;09;16232;1802;3092;1289;20602;13 787;10695;4763;714;4854;775;0;0;3503;22848
2023-05-26;10;15241;1836;3566;1730;20068;13 253;9687;5532;942;6308;23;0;0;4337;22848
2023-05-26;11;14325;1792;5103;3311;19728;13 121;8018;6284;1375;7117;23;0;0;5104;22848
2023-05-26;12;14182;1807;5630;3823;19718;13 111;7480;6679;1611;7706;23;0;0;5549;22848
2023-05-26;13;14611;1847;5327;3481;19706;13 099;7772;6817;1765;7644;23;0;0;5682;22848
2023-05-26;14;14671;1844;5584;3741;19707;13 100;7516;7132;2013;7729;23;0;0;5948;22848
2023-05-26;15;14561;1834;5849;4015;19702;13 095;7246;7292;2231;7560;23;0;0;5998;22848
2023-05-26;16;14741;1798;5441;3643;19703;13 096;7655;7063;2342;6657;23;0;0;5725;22848
2023-05-26;17;15310;1769;3986;2217;19705;13 098;9112;6175;2232;4815;23;0;0;4926;22848
2023-05-26;18;16152;1693;3632;1939;20108;13 501;9869;5562;2313;3150;721;0;0;4327;22848
2023-05-26;19;16822;1639;3438;1799;20456;13 849;10412;5081;2432;1593;1330;0;0;3809;22848
2023-05-26;20;17609;1587;3252;1665;20891;14 284;11033;4485;2251;374;2092;0;0;3124;22848
2023-05-26;21;17969;1580;3235;1655;21148;14 541;11306;4303;2191;38;2360;0;0;2934;22848
2023-05-26;22;17622;1453;4143;2690;21166;14 350;10207;4321;2247;0;3094;0;0;2966;22848
2023-05-26;23;16159;1381;4985;3604;21123;14 307;9321;4499;2482;0;2339;0;0;12283;0
2023-05-26;24;14851;1219;4310;3091;21341;11 945;7635;4464;2445;0;2752;0;0;10621;0
2023-05-27;01;14066;1183;2846;1663;20167;10 404;7558;4064;2079;0;2444;0;0;10139;0
2023-05-27;02;13478;1149;2917;1769;20125;10 362;7444;3816;1807;0;2217;0;0;9698;0
2023-05-27;03;13123;1144;2806;1662;19348;10 366;7559;3623;1623;0;1941;0;0;9568;0
2023-05-27;04;13050;1141;2685;1544;19348;10 366;7680;3422;1416;0;1948;0;0;9515;0
2023-05-27;05;12737;1093;2943;1850;19373;10 391;7448;3184;1174;6;2105;0;0;8980;0
2023-05-27;06;12486;1105;2894;1788;19351;10 369;7476;3118;1039;167;1893;0;0;9059;0
2023-05-27;07;12962;1271;2517;1246;19945;11 102;8585;3195;744;1033;1183;0;0;10388;0
2023-05-27;08;13003;1388;2510;1122;19373;10 531;8021;3918;381;3229;1065;0;0;10376;0
2023-05-27;09;12689;1511;2798;1287;19226;10 383;7585;4580;80;5584;524;0;0;10397;0
2023-05-27;10;12183;1605;3687;2082;19271;10 428;6741;5429;95;7715;13;0;0;10402;0
2023-05-27;11;12406;1649;4213;2564;19218;10 722;6509;5874;311;8411;24;0;0;10145;0
2023-05-27;12;12173;1647;4608;2961;19213;10 489;5881;6247;467;9026;46;0;0;9622;0
2023-05-27;13;12064;1636;5349;3713;19208;11 072;5724;6297;521;9022;44;0;0;9258;0
2023-05-27;14;12030;1609;5196;3587;19203;11 067;5872;6135;515;8532;24;0;0;8967;0
2023-05-27;15;11875;1572;5191;3619;19203;11 067;5877;5953;550;8046;46;0;0;8885;0
2023-05-27;16;11678;1516;4913;3396;19204;11 068;6156;5498;534;7173;24;0;0;9330;0
2023-05-27;17;11637;1455;4436;2981;19203;11 067;6632;4981;505;5794;24;0;0;9795;0
2023-05-27;18;12721;1458;2648;1189;19357;11 221;8574;4123;502;3726;25;0;0;11051;0
2023-05-27;19;14104;1425;1779;354;20075;11 939;10160;3172;508;1562;773;0;0;11746;0
2023-05-27;20;15053;1381;1806;425;20683;12 547;10741;2747;523;343;1565;0;0;11871;0
2023-05-27;21;15374;1336;1972;635;20524;12 388;10417;2718;662;45;2239;0;0;11481;0
2023-05-27;22;15401;1304;2404;1100;20358;12 222;9818;3092;1076;0;2491;0;0;11489;0
2023-05-27;23;14557;1258;2888;1631;20499;12 015;9126;3383;1430;0;2048;0;0;10971;0
2023-05-27;24;13263;1153;3541;2387;20002;11 518;7978;3462;1543;0;1824;0;0;10037;0
2023-05-28;01;12186;1095;3396;2301;19567;10 367;6970;3890;2019;0;1326;0;0;9603;0
2023-05-28;02;11439;1061;3768;2708;19490;10 290;6521;3973;2103;0;945;0;0;9073;0
2023-05-28;03;11063;1041;3862;2821;19456;10 256;6394;3829;1959;0;840;0;0;8654;0
2023-05-28;04;10932;1046;4005;2958;19457;10 257;6252;4010;2141;0;670;0;0;9016;0
2023-05-28;05;10574;1048;4080;3032;19462;10 262;6181;4101;2191;8;292;0;0;9060;0
2023-05-28;06;10431;1067;3979;2912;19488;10 288;6309;4046;2061;177;76;0;0;9130;0
2023-05-28;07;10359;1111;4612;3501;19636;10 436;5824;4363;1916;1253;171;0;0;9346;0
2023-05-28;08;9962;1202;4644;3442;19790;9 928;5284;4655;1179;3632;24;0;0;9004;0
2023-05-28;09;9715;1286;4690;3405;19555;9 489;4798;4893;496;5920;24;0;0;8731;0
2023-05-28;10;10211;1377;4302;2925;19462;9 395;5093;5094;304;6864;24;0;0;8392;0
2023-05-28;11;10335;1430;4026;2596;19451;8 701;4675;5635;270;8004;24;0;0;8032;0
2023-05-28;12;9959;1478;4278;2800;19441;8 691;4413;6023;298;8828;-477;0;0;8032;0
2023-05-28;13;9789;1501;4534;3033;19439;9 109;4575;6090;374;8847;-876;0;0;8114;0
2023-05-28;14;9948;1501;4830;3329;19434;9 690;4860;5964;350;8613;-876;0;0;7993;0
2023-05-28;15;10021;1438;5532;4093;19423;10 034;4502;5795;360;8213;-276;0;0;7840;0
2023-05-28;16;10133;1366;5861;4495;19380;10 674;4813;5296;376;7030;24;0;0;7816;0
2023-05-28;17;9982;1284;5393;4109;19240;10 758;5365;4593;331;5490;24;0;0;8436;0
2023-05-28;18;10994;1274;4154;2881;19346;10 864;6710;3960;346;3660;324;0;0;9221;0
2023-05-28;19;12640;1276;3005;1729;20041;11 559;8554;3160;311;1598;926;0;0;10158;0
2023-05-28;20;13816;1267;2268;1001;20359;11 877;9609;2582;278;353;1625;0;0;10628;0
2023-05-28;21;14303;1283;1843;560;20331;11 849;10006;2528;325;50;1768;0;0;10890;0
2023-05-28;22;14732;1271;2042;771;20426;11 734;9692;2729;516;0;2311;0;0;10824;0
2023-05-28;23;14101;1171;3270;2098;20428;12 077;8808;2666;580;0;2628;0;0;9887;0
2023-05-28;24;12849;1023;4731;3708;20377;12 026;7296;2611;540;0;2942;0;0;8447;0
2023-05-29;01;12122;1131;4047;2916;18819;12 618;8571;2512;480;0;1038;0;0;9367;0
2023-05-29;02;11788;1151;3890;2739;18705;12 725;8836;2472;454;0;480;0;0;9551;0
2023-05-29;03;11735;1169;3884;2715;18889;12 909;9026;2406;388;0;303;0;0;9681;0
2023-05-29;04;11785;1163;4034;2871;19053;13 073;9039;2333;315;0;413;0;0;9627;0
2023-05-29;05;11860;1176;3786;2610;18926;12 946;9160;2359;337;9;340;0;0;9720;0
2023-05-29;06;12393;1195;4027;2832;18768;13 003;8976;2427;325;191;989;0;0;9924;0
2023-05-29;07;14838;1438;3319;1881;19515;13 750;10431;2837;322;1046;1569;0;0;12164;0
2023-05-29;08;15825;1652;3191;1539;19797;14 032;10841;3742;140;3476;1242;0;0;2750;22848
2023-05-29;09;15562;1774;3373;1600;19189;13 424;10050;4803;135;5808;708;0;0;3750;22848
2023-05-29;10;14934;1822;3423;1602;18851;12 874;9451;5460;296;7013;24;0;0;4410;22848
2023-05-29;11;14478;1811;4099;2288;18700;12 723;8624;5830;420;7589;24;0;0;4461;22848
2023-05-29;12;14259;1818;4669;2852;18690;12 925;8044;6191;487;8262;24;212;0;4823;22848
2023-05-29;13;14445;1827;4327;2500;18686;12 921;8382;6039;485;7962;24;212;0;4683;22848
2023-05-29;14;14566;1806;3928;2122;18686;12 921;8781;5761;464;7478;24;212;0;4428;22848
2023-05-29;15;14446;1785;3926;2142;18686;12 921;8783;5639;545;7008;24;212;0;4303;22848
2023-05-29;16;14631;1746;3337;1591;18687;12 922;9373;5234;579;5969;24;212;0;3889;22848
2023-05-29;17;15133;1710;3461;1751;19114;13 349;9677;4963;717;4937;493;212;0;3619;22848
2023-05-29;18;15925;1621;2866;1245;19158;13 393;10315;4314;787;3260;1296;212;0;2959;22848
2023-05-29;19;16811;1583;2645;1062;19893;13 916;11271;3717;825;1572;1824;0;0;2300;22848
2023-05-29;20;17777;1579;2191;612;20313;14 336;12145;3321;927;421;2311;0;0;1916;22848
2023-05-29;21;18380;1597;1736;139;20335;14 358;12622;3254;1056;51;2504;0;0;1873;22848
2023-05-29;22;17838;1501;3073;1572;20582;14 605;11532;3513;1348;0;2793;0;0;2118;22848
2023-05-29;23;16420;1355;4865;3510;20743;14 766;9901;3564;1519;0;2954;0;0;11793;0
2023-05-29;24;15025;1233;6101;4868;20642;14 664;8563;3548;1511;0;2914;0;0;10621;0
2023-05-30;01;13968;1212;4855;3643;19158;13 180;8325;3567;1539;0;2076;0;0;10488;0
2023-05-30;02;13571;1109;5818;4709;19080;13 103;7284;3540;1515;0;2746;0;0;9362;0
2023-05-30;03;13288;1097;5760;4664;19085;13 108;7348;3292;1263;0;2648;0;0;9142;0
2023-05-30;04;13163;1103;5075;3972;18740;12 762;7687;3017;1027;0;2459;0;0;9160;0
2023-05-30;05;13006;1078;5335;4257;18699;12 722;7386;3049;1054;8;2570;0;0;9063;0
2023-05-30;06;13504;1162;4877;3715;18744;12 767;7890;3128;1022;261;2486;0;0;9860;0
2023-05-30;07;15295;1411;3121;1710;18789;12 812;9691;3280;704;1222;2324;0;0;11848;0
2023-05-30;08;15761;1599;3086;1486;19101;13 124;10038;3809;226;3300;1915;0;0;2780;22848
2023-05-30;09;15839;1721;2917;1196;19017;13 040;10122;4348;97;5028;1369;0;0;3400;22848
2023-05-30;10;14508;1801;3345;1544;18437;12 460;9115;5368;211;6988;24;0;0;4334;22848
2023-05-30;11;13722;1805;4565;2761;18310;12 333;7768;6048;390;8278;-94;0;0;5029;22848
2023-05-30;12;14102;1830;4504;2674;18305;12 328;7824;6254;609;8256;24;0;0;5255;22848
2023-05-30;13;13943;1814;4790;2976;18300;12 323;7532;6385;730;8333;25;0;0;5373;22848
2023-05-30;14;14084;1800;4535;2735;18290;12 313;7778;6281;821;7886;25;0;0;5266;22848
2023-05-30;15;14102;1782;4428;2647;18719;12 308;7880;6198;1041;7179;24;0;0;5210;22848
2023-05-30;16;14087;1730;4324;2593;18720;12 309;7985;6077;1273;6351;24;0;0;5065;22848
2023-05-30;17;14615;1643;4554;2910;18715;12 304;7750;5888;1523;5323;976;0;0;4870;22848
2023-05-30;18;15599;1583;4010;2427;19063;12 652;8642;5369;1748;3563;1588;0;0;4343;22848
2023-05-30;19;16470;1534;3547;2014;19541;13 130;9583;4709;1816;1674;2179;0;0;3660;22848
2023-05-30;20;17391;1532;3302;1769;20534;14 123;10821;4016;1654;392;2554;0;0;2946;22848
2023-05-30;21;18076;1626;1746;120;20649;14 237;12491;3500;1261;57;2085;0;0;2521;22848
2023-05-30;22;17896;1512;2827;1314;20619;14 207;11381;3613;1424;0;2903;0;0;2594;22848
2023-05-30;23;16635;1440;3807;2368;20677;14 266;10459;3988;1918;0;2188;0;0;13044;0
2023-05-30;24;15105;1342;4763;3421;20698;14 287;9524;3969;1909;0;1612;0;0;11881;0
2023-05-31;01;13748;1222;4313;3091;19112;12 701;8388;3710;1666;0;1650;0;0;10692;0
2023-05-31;02;13249;1146;5057;3911;19120;12 709;7651;3587;1551;0;2011;0;0;9926;0
2023-05-31;03;12974;1130;5112;3982;19132;12 721;7609;3401;1370;0;1964;0;0;9627;0
2023-05-31;04;12923;1119;4848;3729;19140;12 729;7881;3020;985;0;2022;0;0;9371;0
2023-05-31;05;12872;1092;5085;3993;19168;12 757;7672;2881;843;10;2319;0;0;9114;0
2023-05-31;06;13340;1135;4998;3864;19253;12 842;7843;2899;751;197;2598;0;0;9513;0
2023-05-31;07;15358;1399;3455;2056;19585;13 174;9719;3093;520;1137;2546;0;0;11774;0
2023-05-31;08;15901;1618;3276;1658;20067;13 656;10380;3766;148;3293;1755;0;0;2705;22848
2023-05-31;09;15584;1734;3305;1571;19674;13 263;9958;4535;70;5316;1092;0;0;3514;22848
2023-05-31;10;14435;1788;4474;2686;19247;13 669;9195;5210;138;6764;31;0;0;4208;22848
2023-05-31;11;13647;1774;5382;3608;18997;14 157;7777;5847;295;7926;24;998;0;4797;22848
2023-05-31;12;13871;1827;5578;3751;18992;14 364;7489;6358;487;8631;25;1297;0;5295;22848
2023-05-31;13;13869;1821;5703;3882;18977;14 349;7349;6496;659;8608;24;1297;0;5448;22848
2023-05-31;14;13874;1803;5742;3938;18977;14 349;7311;6539;804;8389;24;1297;0;5496;22848
2023-05-31;15;13681;1778;6039;4261;18976;14 348;7013;6643;1061;8053;25;1296;0;5602;22848
2023-05-31;16;14145;1767;5008;3242;18582;13 004;7649;6484;1313;6962;13;347;0;5431;22848
2023-05-31;17;14560;1749;4420;2671;18674;13 096;8329;6206;1549;5763;24;347;0;5169;22848
2023-05-31;18;15254;1660;5104;3445;19285;13 707;8255;5844;1683;4542;1154;347;0;4785;22848
2023-05-31;19;16782;1562;4166;2603;19655;14 077;9564;4819;1676;1962;2399;347;0;3687;22848
2023-05-31;20;17901;1615;2854;1239;20377;14 799;11598;4103;1614;428;2200;347;0;3051;22848
2023-05-31;21;18341;1602;2119;517;20198;14 620;12154;3615;1291;72;2572;347;0;2524;22848
2023-05-31;22;18026;1579;1724;145;20418;14 171;12447;3352;1067;0;2227;0;0;2332;22848
2023-05-31;23;16545;1472;3027;1555;20463;14 056;11029;3788;1585;0;1728;0;0;13251;0
2023-05-31;24;14884;1371;4335;2964;20868;14 202;9868;3837;1698;0;1180;0;0;12108;0
2023-06-01;01;13826;1219;4801;3582;19594;12 838;8037;4043;1937;0;1746;0;0;10592;0
2023-06-01;02;13321;1222;4799;3578;19868;12 748;7949;4103;2008;0;1269;0;0;10412;0
2023-06-01;03;13233;1259;4379;3120;19894;12 709;8330;4132;2031;0;771;0;0;10809;0
2023-06-01;04;13218;1268;4157;2889;19859;12 674;8518;4032;1921;0;669;0;0;10877;0
2023-06-01;05;13051;1250;4328;3078;19859;12 674;8346;4026;1893;11;679;0;0;10787;0
2023-06-01;06;13361;1223;4994;3771;19845;12 660;7666;4191;1975;195;1505;0;0;10511;0
2023-06-01;07;14989;1422;4843;3421;19988;13 233;8390;4733;1935;1180;1866;0;0;12029;0
2023-06-01;08;15834;1660;3968;2308;20332;13 577;9608;5162;1412;3284;1064;0;0;4024;22848
2023-06-01;09;15760;1771;4181;2409;20523;13 768;9587;5624;1256;4866;550;0;0;4582;22848
2023-06-01;10;14657;1844;4944;3100;19980;13 434;8490;6710;1623;6727;-544;0;0;5689;22848
2023-06-01;11;13753;1875;5618;3743;20110;13 718;7362;7506;2036;7994;-1115;738;0;6572;22848
2023-06-01;12;14271;1894;5982;4088;20050;13 658;6938;8001;2330;8331;-668;738;0;6987;22848
2023-06-01;13;14168;1867;6269;4401;19539;13 581;6574;8052;2389;8357;-458;738;0;7051;22848
2023-06-01;14;14063;1861;6302;4441;19529;13 781;6741;7983;2415;8140;-661;738;0;6983;22848
2023-06-01;15;13996;1829;6470;4641;19534;13 786;6578;7889;2418;7832;-471;738;0;6867;22848
2023-06-01;16;14029;1834;5733;3899;19408;13 159;7427;7506;2480;6781;-903;0;0;6528;22848
2023-06-01;17;14730;1711;5741;4030;19408;13 159;7418;6969;2563;5270;343;0;0;5918;22848
2023-06-01;18;15889;1742;4345;2604;20195;13 945;9600;6084;2312;3628;205;0;0;5074;22848
2023-06-01;19;17066;1634;3377;1743;20001;14 071;10458;4938;1875;1656;1669;236;0;3862;22848
2023-06-01;20;17915;1560;2874;1313;20248;13 791;10917;4344;1649;363;2654;0;0;3211;22848
2023-06-01;21;18027;1578;2652;1075;20396;13 939;11286;4211;1621;63;2530;0;0;3068;22848
2023-06-01;22;18139;1543;2484;942;20154;13 697;11212;4404;1907;0;2522;0;0;3328;22848
2023-06-01;23;16748;1454;3787;2333;20290;13 833;10046;4568;2117;0;2134;0;0;12807;0
2023-06-01;24;15197;1404;4199;2795;20399;13 942;9743;4430;2208;0;1025;0;0;12305;0
2023-06-02;01;13947;1203;3841;2638;18908;11 659;7818;4095;1967;0;2034;0;0;10272;0
2023-06-02;02;13323;1192;3959;2767;18908;11 659;7700;4059;1960;0;1564;0;0;10125;0
2023-06-02;03;13074;1209;3857;2648;18908;11 659;7802;4105;1957;0;1166;0;0;10401;0
2023-06-02;04;13251;1215;3615;2400;18934;11 685;8069;3910;1673;0;1271;0;0;9984;0
2023-06-02;05;13485;1219;3510;2291;18942;11 693;8183;3807;1565;9;1496;0;0;9714;0
2023-06-02;06;13525;1233;3636;2403;18942;11 693;8057;3870;1539;203;1599;0;0;10226;0
2023-06-02;07;15240;1514;2215;701;19642;12 393;10178;4061;1541;978;1001;0;0;12958;0
2023-06-02;08;16243;1757;2058;301;20299;13 050;10992;5134;1846;2594;117;0;0;4237;22848
2023-06-02;09;16023;1774;3366;1592;19595;12 345;8980;6568;2559;4297;475;0;0;5639;22848
2023-06-02;10;15638;1812;2955;1142;18919;11 670;8716;6898;2559;5054;24;0;0;5850;22848
2023-06-02;11;15197;1837;3082;1245;18650;11 615;8319;7232;2646;5706;-354;214;0;6197;22848
2023-06-02;12;15442;1886;3250;1364;18715;11 466;8216;7616;2869;6163;-390;0;0;6597;22848
2023-06-02;13;15380;1897;3705;1808;18663;11 618;7913;7883;2988;6507;-417;0;0;6851;22848
2023-06-02;14;15487;1830;4567;2737;18830;11 786;7218;8044;3272;6244;224;0;0;7011;22848
2023-06-02;15;15220;1813;4686;2873;18831;11 786;7100;8096;3407;6133;24;0;0;7029;22848
2023-06-02;16;15002;1792;4720;2928;18827;11 782;7062;7948;3367;5867;-9;0;0;6865;22848
2023-06-02;17;15557;1803;3580;1777;18794;11 750;8170;7550;3416;4747;-162;0;0;6477;22848
2023-06-02;18;16253;1708;2826;1117;18766;11 722;8896;6732;3262;3157;624;0;0;5667;22848
2023-06-02;19;16492;1574;3141;1567;18869;11 826;8685;6166;3330;1517;1640;0;0;5104;22848
2023-06-02;20;17545;1586;2852;1266;19829;12 786;9935;5537;3093;422;2074;0;0;4506;22848
2023-06-02;21;17892;1562;2582;1020;20297;13 255;10673;4724;2431;73;2495;0;0;3710;22848
2023-06-02;22;17607;1474;2766;1292;20409;13 153;10387;4293;2043;0;2927;0;0;3266;22848
2023-06-02;23;16145;1317;3832;2515;20301;12 592;8760;4289;2104;0;3096;0;0;11532;0
2023-06-02;24;14694;1200;5315;4115;20397;12 464;7149;4741;2621;0;2804;0;0;10504;0
2023-06-03;01;13601;1121;3668;2547;19251;10 197;6529;4492;2521;0;2580;0;0;9635;0
2023-06-03;02;13018;1071;3788;2718;19157;10 103;6314;4105;2177;0;2598;0;0;9066;0
2023-06-03;03;12848;1062;3726;2664;19094;10 039;6313;3980;2083;0;2554;0;0;9117;0
2023-06-03;04;12739;1057;3669;2613;19208;10 153;6484;3773;1876;0;2481;0;0;8998;0
2023-06-03;05;12278;1051;3350;2299;19660;10 039;6690;3511;1597;13;2078;0;0;8787;0
2023-06-03;06;12018;1092;2909;1817;19928;10 039;7130;3346;1344;217;1541;0;0;9095;0
2023-06-03;07;12442;1227;2465;1238;19731;10 483;8018;3330;930;1034;1094;0;0;10087;0
2023-06-03;08;12620;1353;2342;988;19578;10 330;7988;3715;415;2935;917;0;0;10094;0
2023-06-03;09;12369;1494;2936;1443;19603;10 355;7419;4624;290;5384;327;0;0;10448;0
2023-06-03;10;11773;1561;3808;2247;19541;10 293;6485;5423;261;7342;-135;0;0;10269;0
2023-06-03;11;11459;1568;4953;3385;19255;10 564;5611;5824;209;8480;24;0;0;9521;0
2023-06-03;12;11757;1599;4737;3138;19253;10 562;5825;5908;212;8669;24;0;0;9194;0
2023-06-03;13;11491;1571;4972;3401;19255;10 564;5593;5874;201;8635;24;0;0;8918;0
2023-06-03;14;11236;1542;5178;3636;19250;10 559;5381;5830;217;8512;25;0;0;8874;0
2023-06-03;15;11302;1525;4956;3431;19245;10 554;5599;5678;291;8000;25;0;0;8774;0
2023-06-03;16;11269;1488;4734;3245;19241;10 550;5817;5427;379;7228;24;0;0;9014;0
2023-06-03;17;11284;1405;4332;2927;19241;10 550;6219;4845;429;5723;220;0;0;9662;0
2023-06-03;18;12427;1360;3460;2100;19500;10 809;7349;4068;409;3963;1010;0;0;9973;0
2023-06-03;19;13561;1287;2741;1454;19951;11 260;8519;3157;339;1835;1885;0;0;10203;0
2023-06-03;20;14662;1274;2336;1062;20531;11 840;9504;2671;312;424;2488;0;0;10592;0
2023-06-03;21;15080;1266;2285;1019;20627;11 936;9652;2574;417;75;2855;0;0;10672;0
2023-06-03;22;15142;1239;2813;1573;20506;11 815;9002;2951;683;0;3188;0;0;10515;0
2023-06-03;23;14435;1160;3550;2390;20602;11 695;8145;3232;982;0;3058;0;0;9792;0
2023-06-03;24;13041;1036;4034;2998;20200;10 931;6898;3209;1091;0;2934;0;0;8547;0
2023-06-04;01;11867;1000;2960;1961;19515;9 410;6449;3312;1276;0;2106;0;0;8201;0
2023-06-04;02;11173;975;3122;2147;19712;9 192;6070;3361;1326;0;1742;0;0;8098;0
2023-06-04;03;10869;963;3281;2318;19799;9 192;5911;3319;1284;0;1639;0;0;8005;0
2023-06-04;04;10670;950;3310;2359;19771;9 164;5854;3232;1186;0;1584;0;0;7734;0
2023-06-04;05;10312;931;3309;2379;19771;9 164;5855;3041;972;14;1416;0;0;7388;0
2023-06-04;06;10094;941;3232;2290;19784;9 177;5945;2901;744;209;1248;0;0;7299;0
2023-06-04;07;10043;1047;3005;1958;19766;9 159;6154;3222;593;1252;667;0;0;7915;0
2023-06-04;08;9682;1186;3149;1962;19718;8 874;5725;3933;240;3543;24;0;0;8008;0
2023-06-04;09;9507;1336;3187;1851;19910;8 623;5436;4708;76;5914;-637;0;0;8312;0
2023-06-04;10;9563;1390;3876;2487;19788;8 501;4624;5354;73;7501;-415;0;0;8057;0
2023-06-04;11;9592;1414;4020;2606;19453;8 165;4145;5712;92;8391;-265;0;0;7926;0
2023-06-04;12;9573;1502;3650;2148;19448;8 507;4857;5981;124;8916;-1265;0;0;7937;0
2023-06-04;13;9483;1524;3905;2381;19440;8 858;4953;5932;135;8792;-1403;0;0;7934;0
2023-06-04;14;9605;1486;5100;3614;19438;9 812;4713;5869;160;8594;-976;0;0;7726;0
2023-06-04;15;9857;1468;5120;3652;19438;10 040;4920;5712;209;8107;-776;0;0;7815;0
2023-06-04;16;9895;1353;5707;4354;19439;10 256;4550;5321;230;7166;24;0;0;7719;0
2023-06-04;17;10099;1308;4920;3611;19439;10 256;5337;4738;248;5609;24;0;0;8353;0
2023-06-04;18;11161;1304;3650;2346;19775;10 593;6943;3995;253;3749;224;0;0;9149;0
2023-06-04;19;12455;1244;3091;1847;20189;11 007;7916;3263;263;1777;1276;0;0;9732;0
2023-06-04;20;13785;1270;2208;938;20859;11 677;9470;2652;271;411;1663;0;0;10571;0
2023-06-04;21;14414;1282;1972;690;20963;11 781;9809;2613;362;86;1992;0;0;10838;0
2023-06-04;22;14613;1259;3018;1759;20820;12 472;9454;2820;622;0;2339;0;0;10748;0
2023-06-04;23;13979;1225;3623;2399;20922;12 573;8950;3070;905;0;1959;0;0;10548;0
2023-06-04;24;13058;1210;3950;2740;20962;12 614;8664;3288;1129;0;1106;0;0;10482;0
2023-06-05;01;12199;1112;4268;3156;19061;11 725;7457;3448;1342;0;1293;0;0;9583;0
2023-06-05;02;12014;1118;4147;3029;18953;11 617;7470;3447;1375;0;1098;0;0;9419;0
2023-06-05;03;11992;1121;4103;2982;19023;11 686;7583;3363;1286;0;1046;0;0;9194;0
2023-06-05;04;11974;1109;4058;2948;18979;11 643;7585;3205;1119;0;1184;0;0;9029;0
2023-06-05;05;11997;1083;4051;2967;18905;11 569;7519;2960;857;14;1519;0;0;8585;0
2023-06-05;06;12540;1101;4087;2986;18924;11 588;7501;2833;650;203;2205;0;0;8703;0
2023-06-05;07;14448;1329;2781;1452;18875;11 539;8758;3207;525;1169;2483;0;0;10843;0
2023-06-05;08;15291;1546;2546;1001;19033;11 697;9151;4126;252;3492;2014;0;0;2552;22848
2023-06-05;09;14981;1719;2542;823;19094;11 758;9215;4899;40;5788;866;0;0;3339;22848
2023-06-05;10;14149;1765;2794;1028;18578;11 456;8449;5481;45;7375;219;214;0;4019;22848
2023-06-05;11;13465;1756;3786;2030;18489;11 367;7367;5874;96;8317;224;214;0;4446;22848
2023-06-05;12;13602;1798;4513;2715;18767;11 881;7155;6223;146;9018;224;214;0;4807;22848
2023-06-05;13;13823;1814;4772;2959;18748;12 637;7439;6175;153;8901;209;426;0;4761;22848
2023-06-05;14;13984;1801;4464;2662;18732;12 621;7731;6029;199;8472;224;426;0;4616;22848
2023-06-05;15;13926;1776;4001;2225;18726;12 615;8188;5714;298;7534;24;426;0;4302;22848
2023-06-05;16;14051;1747;3531;1784;18844;12 307;8775;5252;347;6369;24;0;0;3840;22848
2023-06-05;17;14827;1627;3274;1648;18640;12 103;8828;4734;380;4928;1265;0;0;3331;22848
2023-06-05;18;15704;1552;2821;1269;18742;12 205;9384;4154;395;3429;2165;0;0;2779;22848
2023-06-05;19;16915;1529;2396;867;19479;12 942;10545;3509;415;1686;2861;0;0;2151;22848
2023-06-05;20;17971;1511;2025;514;19959;13 422;11396;3179;571;424;3396;0;0;1827;22848
2023-06-05;21;18201;1582;1411;-171;20222;13 685;12273;3337;830;81;2590;0;0;1933;22848
2023-06-05;22;17869;1488;2487;998;20170;13 633;11146;3684;1233;0;3039;0;0;2254;22848
2023-06-05;23;16495;1424;3583;2159;20116;13 789;10206;4010;1672;0;2279;0;0;12484;0
2023-06-05;24;15103;1331;4466;3135;19892;13 344;8878;4431;2155;0;1795;0;0;11587;0
2023-06-06;01;14147;1295;4094;2800;19131;12 582;8488;4352;2135;0;1307;0;0;10896;0
2023-06-06;02;13642;1219;4706;3487;19232;12 496;7790;4216;2028;0;1636;0;0;9932;0
2023-06-06;03;13676;1209;4690;3481;19254;12 496;7806;4025;1846;0;1845;0;0;9539;0
2023-06-06;04;13688;1197;4504;3306;19259;12 501;7997;3696;1522;0;1995;0;0;9175;0
2023-06-06;05;13620;1201;4190;2989;19259;12 501;8311;3378;1190;14;1930;0;0;9246;0
2023-06-06;06;13962;1247;3671;2424;19259;12 501;8830;3105;806;206;2027;0;0;9733;0
2023-06-06;07;15036;1465;2639;1174;19493;12 735;10096;3411;650;1146;1530;0;0;12169;0
2023-06-06;08;15863;1666;2669;1003;20347;13 589;10920;3742;261;2649;1201;0;0;2481;22848
2023-06-06;09;15888;1663;2717;1054;19394;12 636;9919;4207;42;4249;1762;0;0;2926;22848
2023-06-06;10;15338;1727;3225;1498;19775;13 017;9792;4594;52;5161;952;0;0;3313;22848
2023-06-06;11;13851;1725;4429;2704;18905;12 147;7717;5513;101;7271;620;0;0;4201;22848
2023-06-06;12;14289;1794;4297;2503;18981;12 435;7926;5783;184;7701;581;212;0;4474;22848
2023-06-06;13;14643;1837;3729;1892;19081;12 535;8647;5752;289;7411;244;159;0;4454;22848
2023-06-06;14;14827;1789;3750;1961;19070;12 522;8772;5573;419;6729;481;0;0;4279;22848
2023-06-06;15;14664;1761;3455;1693;19066;12 518;9063;5275;508;5853;326;0;0;3987;22848
2023-06-06;16;15331;1745;3018;1273;19401;13 065;9835;4859;524;4848;638;212;0;3616;22848
2023-06-06;17;16013;1674;2783;1108;19540;13 204;10210;4337;479;3730;1467;212;0;3129;22848
2023-06-06;18;16585;1599;2890;1292;19803;13 467;10418;3911;467;2716;2256;159;0;2662;22848
2023-06-06;19;17123;1517;3245;1728;20022;13 474;10229;3740;692;1413;3154;0;0;2342;22848
2023-06-06;20;17984;1624;1914;290;20682;14 134;12220;3399;740;429;2365;0;0;2012;22848
2023-06-06;21;18345;1666;1105;-561;20617;14 069;12964;3387;882;77;1994;0;0;2001;22848
2023-06-06;22;18045;1563;2078;515;20576;14 028;11950;3521;1064;0;2574;0;0;2140;22848
2023-06-06;23;16779;1481;2669;1187;20601;13 843;11174;3560;1200;0;2045;0;0;12958;0
2023-06-06;24;15257;1381;3415;2034;20432;13 674;10259;3467;1171;0;1531;0;0;11956;0
2023-06-07;01;14615;1298;2988;1690;19419;12 671;9683;3219;1068;0;1713;0;0;10596;0
2023-06-07;02;14339;1253;3464;2211;19438;12 690;9226;3143;998;0;1970;0;0;9817;0
2023-06-07;03;13884;1185;4349;3164;19635;12 887;8539;3045;912;0;2301;0;0;9142;0
2023-06-07;04;13737;1168;4361;3193;19651;12 903;8542;2839;711;0;2356;0;0;8857;0
2023-06-07;05;13757;1188;3983;2795;19630;12 882;8899;2632;491;13;2226;0;0;8951;0
2023-06-07;06;13971;1283;3439;2157;19653;12 905;9466;2802;506;400;1703;0;0;10053;0
2023-06-07;07;15158;1417;3295;1878;19435;13 104;9808;3177;478;1185;2172;0;0;11705;0
2023-06-07;08;16282;1684;2461;777;20438;14 107;11647;3578;249;2554;1058;0;0;2349;22848
2023-06-07;09;16241;1718;2930;1212;20053;13 722;10792;4057;68;4161;1393;0;0;2851;22848
2023-06-07;10;15515;1774;3080;1306;19557;13 226;10146;4627;83;5586;742;0;0;3423;22848
2023-06-07;11;14509;1755;4045;2290;18940;12 619;8575;5308;244;6834;626;0;0;4101;22848
2023-06-07;12;14410;1808;4092;2283;18967;12 646;8554;5631;312;7394;225;0;0;4428;22848
2023-06-07;13;14619;1818;4071;2253;18984;12 871;8800;5595;273;7183;224;0;0;4339;22848
2023-06-07;14;14689;1775;3894;2119;18997;12 874;8980;5383;300;6587;327;0;0;4114;22848
2023-06-07;15;14918;1797;3184;1387;19157;13 033;9849;5044;384;5695;25;0;0;3829;22848
2023-06-07;16;15515;1768;3009;1241;19246;13 123;10114;4860;512;4958;541;0;0;3643;22848
2023-06-07;17;16038;1703;3267;1564;19196;13 072;9805;4891;800;4269;1342;0;0;3603;22848
2023-06-07;18;16698;1612;3523;1911;19636;13 513;9990;4481;982;2893;2227;0;0;3181;22848
2023-06-07;19;17411;1556;3355;1799;20010;13 887;10463;4125;1105;1495;2823;69;0;2713;22848
2023-06-07;20;18221;1540;2145;605;19859;13 736;11453;3585;1072;423;3183;138;0;2242;22848
2023-06-07;21;18177;1554;1526;-28;20101;13 537;11941;3493;1112;84;2743;69;0;2160;22848
2023-06-07;22;17641;1485;1842;358;19596;13 032;11190;3654;1352;0;2797;0;0;2334;22848
2023-06-07;23;16612;1450;2022;572;19188;12 624;10601;3920;1697;0;2090;0;0;12881;0
2023-06-07;24;15239;1346;1559;214;18970;11 109;9550;3953;1795;0;1737;0;0;11799;0
2023-06-08;01;13536;1104;2101;997;18019;9 660;7559;3421;1396;0;2556;0;0;9348;0
2023-06-08;02;13083;1112;2189;1077;18297;9 938;7749;3111;1198;0;2224;0;0;9291;0
2023-06-08;03;12932;1107;1787;679;18128;9 770;7983;2886;969;0;2063;0;0;9411;0
2023-06-08;04;12361;1073;2156;1082;18776;10 059;7904;2542;608;0;1915;0;0;8990;0
2023-06-08;05;11987;1082;2051;968;18916;10 200;8149;2417;439;16;1421;0;0;8965;0
2023-06-08;06;11486;1084;2305;1221;19105;10 388;8083;2399;320;206;1004;0;0;8808;0
2023-06-08;07;10831;1120;3097;1977;19417;10 524;7427;2848;270;1267;557;0;0;8707;0
2023-06-08;08;10347;1268;3109;1841;19117;10 584;7115;3628;167;3166;-395;360;0;9049;0
2023-06-08;09;10610;1432;3062;1630;19260;10 726;7304;4263;67;4890;-957;360;0;10005;0
2023-06-08;10;10914;1562;2525;962;19171;10 637;7752;4691;84;6018;-1529;360;0;10706;0
2023-06-08;11;10850;1617;2338;721;19405;10 666;7968;4960;171;6479;-2078;360;0;10858;0
2023-06-08;12;10305;1622;3149;1526;19117;10 616;7107;5404;235;7348;-2205;360;0;10266;0
2023-06-08;13;10587;1620;3424;1804;19107;10 954;7170;5349;289;7125;-1932;360;0;9856;0
2023-06-08;14;11146;1611;3137;1526;19153;11 000;7503;5200;359;6627;-1557;360;0;10075;0
2023-06-08;15;11195;1532;3335;1803;19016;10 863;7168;5001;426;6023;-974;360;0;9478;0
2023-06-08;16;11058;1475;3275;1800;18879;10 726;7091;4878;500;5565;-910;360;0;9256;0
2023-06-08;17;10803;1323;4110;2787;18879;10 726;6256;4522;623;4428;24;360;0;9131;0
2023-06-08;18;11998;1357;2766;1408;19141;10 988;7862;4084;715;3021;52;360;0;9988;0
2023-06-08;19;13000;1279;2473;1194;19143;10 990;8157;3565;747;1643;1278;360;0;10070;0
2023-06-08;20;14070;1304;2024;720;20080;11 927;9544;3074;726;467;1452;359;0;10771;0
2023-06-08;21;14576;1405;921;-484;20416;12 263;10982;2964;781;83;630;360;0;11879;0
2023-06-08;22;14964;1367;1292;-75;20438;12 275;10623;3046;916;0;1295;360;0;11739;0
2023-06-08;23;14392;1309;1892;584;20439;12 275;10024;3096;1004;0;1272;360;0;11247;0
2023-06-08;24;13261;1114;3548;2434;20469;11 958;8050;3014;1001;0;2198;360;0;9454;0
2023-06-09;01;12339;1063;2072;1008;18596;10 085;7653;2824;865;0;1862;360;0;8792;0
2023-06-09;02;11849;1041;2383;1342;18567;10 280;7537;2671;735;0;1641;360;0;8488;0
2023-06-09;03;11635;1083;2146;1063;18741;10 454;7948;2706;770;0;980;360;0;8990;0
2023-06-09;04;11500;1075;2326;1251;18805;10 518;7832;2746;809;0;922;360;0;9014;0
2023-06-09;05;11248;1034;2597;1563;18582;10 295;7338;2774;855;14;1136;360;0;8606;0
2023-06-09;06;11394;1031;2926;1895;18577;10 290;7004;2835;834;180;1555;360;0;8601;0
2023-06-09;07;12738;1260;2324;1064;19634;11 347;8663;3094;770;877;981;360;0;10403;0
2023-06-09;08;13370;1394;2237;842;20053;11 766;9169;3394;405;2327;807;360;0;2422;22848
2023-06-09;09;13619;1524;2442;917;20033;11 746;8944;4033;283;3970;642;360;0;3073;22848
2023-06-09;10;13470;1596;2356;761;19557;11 280;8563;4646;363;5192;261;360;0;3660;22848
2023-06-09;11;13405;1637;2252;614;19086;10 809;8197;5183;585;5940;25;360;0;4142;22848
2023-06-09;12;12866;1633;2948;1315;18966;10 689;7381;5598;799;6516;-114;360;0;4587;22848
2023-06-09;13;12887;1621;3360;1739;19015;10 737;7017;5845;1102;6416;25;360;0;4843;22848
2023-06-09;14;13385;1658;2901;1244;18942;10 665;7404;5956;1383;6046;25;360;0;4949;22848
2023-06-09;15;13975;1684;2465;780;18942;10 665;7841;6110;1752;5558;25;360;0;5103;22848
2023-06-09;16;14308;1676;2252;575;18939;10 662;7940;6363;2323;4744;6;470;0;5395;22848
2023-06-09;17;14919;1669;1421;-249;19159;10 882;8835;6087;2556;3535;-3;626;0;5148;22848
2023-06-09;18;15199;1570;1248;-321;19000;10 723;8915;5577;2490;2456;707;560;0;4561;22848
2023-06-09;19;15818;1516;1062;-455;19372;11 095;9472;5115;2515;1314;1231;560;0;4112;22848
2023-06-09;20;16542;1543;929;-614;20103;11 826;10537;4799;2526;406;1206;360;0;3750;22848
2023-06-09;21;16890;1539;508;-1031;20178;11 890;11023;4508;2396;69;1360;360;0;3462;22848
2023-06-09;22;16784;1529;47;-1482;20108;11 820;11413;4100;2037;0;1271;360;0;3056;22848
2023-06-09;23;15972;1389;1580;190;19918;11 630;9691;4644;2668;0;1637;360;0;12435;0
2023-06-09;24;14549;1315;1210;-105;19605;10 388;8818;4800;2871;0;931;360;0;11335;0
2023-06-10;01;13658;1232;294;-938;18473;8 828;8174;4253;2485;0;1232;360;0;10351;0
2023-06-10;02;12882;1180;728;-452;18325;8 680;7593;4353;2598;0;936;360;0;10314;0
2023-06-10;03;12343;1180;1577;397;18399;8 755;6818;4982;3171;0;543;360;0;10622;0
2023-06-10;04;12086;1168;1875;707;18417;8 982;6747;5061;3255;0;277;360;0;10285;0
2023-06-10;05;11654;1147;1973;826;18235;8 801;6468;5120;3303;12;67;360;0;10018;0
2023-06-10;06;11549;1134;2494;1360;18230;8 796;5942;5304;3410;182;304;360;0;9742;0
2023-06-10;07;12192;1188;2674;1486;18768;9 153;6119;5048;2757;969;1025;360;0;9633;0
2023-06-10;08;12383;1296;1954;658;18745;9 130;6816;4476;1382;2770;1092;360;0;9316;0
2023-06-10;09;12735;1464;1580;116;19005;9 389;7450;4789;1011;4260;496;360;0;10189;0
2023-06-10;10;13171;1586;2087;501;19791;10 176;7729;5418;1229;5219;25;360;0;11444;0
2023-06-10;11;12357;1554;3040;1486;19068;9 229;5829;6503;1857;6375;25;360;0;10955;0
2023-06-10;12;12498;1603;3290;1687;18704;8 864;5215;7259;2337;7005;25;360;0;10492;0
2023-06-10;13;13294;1673;3132;1459;18790;8 951;5459;7811;2885;7016;25;360;0;10391;0
2023-06-10;14;13360;1672;3200;1527;18764;8 755;5195;8141;3230;6993;25;360;0;10407;0
2023-06-10;15;13092;1653;3096;1444;18765;8 540;5084;8383;3695;6487;-375;360;0;10621;0
2023-06-10;16;12951;1608;3472;1864;18766;8 751;4919;8508;4156;5740;-476;360;0;10620;0
2023-06-10;17;13031;1510;13920;12410;19096;19 096;4816;8191;4351;4475;24;360;0;10853;0
2023-06-10;18;13202;1472;13538;12065;19212;19 212;5314;7869;4460;3409;19;360;0;11418;0
2023-06-10;19;14176;1498;12588;11091;20239;20 239;7290;7061;4347;1779;-176;360;0;12580;0
2023-06-10;20;15040;1404;12416;11011;20600;20 600;7824;6219;3978;466;997;360;0;12156;0
2023-06-10;21;15212;1407;12017;10610;20756;20 756;8379;5910;3837;104;923;360;0;12164;0
2023-06-10;22;15319;1395;12153;10757;20750;20 750;8237;5963;3952;0;1119;360;0;12238;0
2023-06-10;23;14664;1350;12296;10946;20621;20 621;7965;5924;4069;0;775;360;0;12166;0
2023-06-10;24;13355;1240;13353;12113;20272;20 272;6559;6178;4320;0;619;360;0;11194;0
2023-06-11;01;12157;1204;2143;939;18139;8 483;5980;6264;4455;0;-86;360;0;10636;0
2023-06-11;02;11580;1142;2456;1315;17950;8 294;5478;6079;4270;0;24;360;0;9997;0
2023-06-11;03;11168;1110;2494;1385;17714;8 190;5336;5807;3998;0;25;360;0;9579;0
2023-06-11;04;10851;1080;2460;1380;17714;8 190;5371;5456;3595;0;24;360;0;9128;0
2023-06-11;05;10371;1045;2733;1688;17846;8 323;5230;5195;3322;17;-54;360;0;8814;0
2023-06-11;06;10229;1050;2705;1654;17908;8 385;5320;4921;2956;219;-13;360;0;8617;0
2023-06-11;07;10282;1126;2541;1415;18351;8 828;5927;4568;2184;1139;-213;360;0;8570;0
2023-06-11;08;10078;1242;2184;943;18340;8 817;6273;4285;968;3206;-479;360;0;8291;0
2023-06-11;09;9890;1361;1876;515;18395;8 872;6636;4311;368;4903;-1056;360;0;8952;0
2023-06-11;10;9983;1396;2961;1565;18287;8 992;5671;5223;903;5767;-911;360;0;9097;0
2023-06-11;11;9585;1503;3240;1737;18043;8 748;5148;6529;1722;6922;-2091;360;0;9762;0
2023-06-11;12;9804;1582;3515;1933;18033;8 738;4863;7157;2005;7710;-2216;360;0;9546;0
2023-06-11;13;9847;1617;3263;1646;18022;8 728;5105;7174;1952;7870;-2432;360;0;9491;0
2023-06-11;14;9997;1612;3639;2027;18007;9 084;5085;7132;1912;7897;-2219;360;0;9356;0
2023-06-11;15;10166;1562;4378;2817;18007;9 750;5011;6942;1944;7397;-1788;360;0;9169;0
2023-06-11;16;10382;1478;4676;3198;18009;9 751;4715;6743;2081;6630;-1076;360;0;9029;0
2023-06-11;17;11042;1400;4486;3087;18009;9 751;4905;6313;2154;5471;-176;360;0;8707;0
2023-06-11;18;11362;1326;4167;2841;18014;10 069;5542;5796;2261;3634;24;360;0;9431;0
2023-06-11;19;12840;1321;2794;1473;18221;10 276;7122;5053;2310;1732;666;360;0;10583;0
2023-06-11;20;14172;1375;2997;1622;19396;12 211;8854;4725;2439;404;593;360;0;11762;0
2023-06-11;21;14435;1380;2983;1603;19550;12 005;9022;4720;2575;98;692;0;0;11847;0
2023-06-11;22;15011;1429;2855;1427;19643;12 098;9243;5259;3174;0;510;0;0;12758;0
2023-06-11;23;14159;1384;4510;3126;19579;12 740;8230;5879;3893;0;49;0;0;12686;0
2023-06-11;24;13164;1298;5754;4456;19564;12 725;6971;6213;4287;0;-20;0;0;11968;0
2023-06-12;01;12055;1231;5269;4038;17918;11 631;6362;6030;4157;0;-338;0;0;11062;0
2023-06-12;02;11791;1188;5518;4330;17918;11 630;6113;5654;3784;0;24;0;0;10505;0
2023-06-12;03;11545;1164;5318;4154;17923;11 635;6317;5203;3343;0;25;0;0;10132;0
2023-06-12;04;11531;1168;4804;3635;17928;11 641;6837;4669;2812;0;25;0;0;9963;0
2023-06-12;05;11675;1185;4276;3091;18010;11 722;7447;4203;2336;16;26;0;0;9777;0
2023-06-12;06;12228;1198;4303;3105;18170;11 883;7579;3844;1849;181;805;0;0;9853;0
2023-06-12;07;14605;1455;3102;1647;19042;12 755;9653;3815;1377;950;1137;0;0;12101;0
2023-06-12;08;15577;1665;1363;-302;19493;12 638;11275;3664;304;2889;638;0;0;2938;22848
2023-06-12;09;15204;1761;1610;-150;19097;12 182;10571;4371;78;5007;262;0;0;3630;22848
2023-06-12;10;14227;1765;3102;1337;18247;11 332;8230;5972;915;6840;25;0;0;5104;22848
2023-06-12;11;13810;1753;3918;2165;17955;11 040;7122;6664;1481;7400;25;0;0;5822;22848
2023-06-12;12;14300;1831;3470;1639;18005;11 090;7621;6854;1512;7790;-175;0;0;6021;22848
2023-06-12;13;14364;1831;2898;1067;17970;11 055;8157;6383;1143;7559;-176;0;0;5548;22848
2023-06-12;14;14593;1825;2894;1070;18298;11 383;8488;6280;1230;7121;-176;0;0;5443;22848
2023-06-12;15;14720;1831;3351;1519;18589;11 674;8323;6572;1698;6722;-175;0;0;5732;22848
2023-06-12;16;14925;1802;3537;1735;18492;11 577;8040;6860;2118;6187;26;0;0;5971;22848
2023-06-12;17;15277;1756;2565;809;18437;11 521;8957;6296;2215;4619;24;0;0;5463;22848
2023-06-12;18;15959;1682;2578;896;18883;11 968;9390;5819;2325;3121;750;0;0;4974;22848
2023-06-12;19;16895;1646;2518;871;19919;13 004;10487;5078;2271;1569;1330;0;0;4312;22848
2023-06-12;20;18075;1651;1516;-135;20266;13 351;11835;4306;1916;429;1935;0;0;3479;22848
2023-06-12;21;18527;1646;1401;-245;20208;13 293;11892;4454;2230;80;2181;0;0;3635;22848
2023-06-12;22;17851;1523;3093;1570;20189;13 631;10538;4795;2695;0;2518;0;0;3987;22848
2023-06-12;23;16190;1439;4700;3261;20199;14 210;9510;4885;2818;0;1795;0;0;12766;0
2023-06-12;24;14820;1332;5623;4291;19840;14 056;8434;4669;2641;0;1717;0;0;11564;0
2023-06-13;01;14501;1228;5476;4248;18231;13 317;7841;4272;2279;0;2388;0;0;9845;0
2023-06-13;02;13956;1206;5624;4418;18085;13 171;7547;4253;2266;0;2156;0;0;9601;0
2023-06-13;03;13638;1189;5662;4473;18047;13 133;7471;4080;2078;0;2087;0;0;9380;0
2023-06-13;04;13645;1173;5477;4304;18047;13 133;7656;3717;1702;0;2273;0;0;8992;0
2023-06-13;05;13742;1192;5292;4101;18047;13 133;7840;3686;1650;7;2216;0;0;9267;0
2023-06-13;06;14204;1245;5009;3765;18046;13 132;8122;3698;1564;188;2384;0;0;9936;0
2023-06-13;07;15906;1437;4140;2703;18595;13 681;9541;3733;1226;759;2631;0;0;11704;0
2023-06-13;08;16773;1606;2910;1304;18635;13 721;10811;3799;718;2028;2163;0;0;2828;22848
2023-06-13;09;16564;1683;3135;1452;18610;13 696;10561;4344;686;3174;1659;0;0;3329;22848
2023-06-13;10;16088;1756;3325;1569;18850;13 503;10178;5183;1182;3878;727;0;0;3995;22848
2023-06-13;11;15309;1795;3672;1877;18447;13 101;9429;5813;1552;4862;66;0;0;4730;22848
2023-06-13;12;15571;1815;3312;1497;18442;13 096;9784;5564;1269;5062;224;0;0;4499;22848
2023-06-13;13;15600;1816;3525;1709;18552;13 206;9680;5695;1408;5051;224;0;0;4632;22848
2023-06-13;14;15767;1814;3483;1669;18492;13 146;9663;5880;1704;4803;224;0;0;4818;22848
2023-06-13;15;15932;1813;2973;1160;18419;13 072;10099;5609;1633;4230;224;0;0;4528;22848
2023-06-13;16;16296;1823;2726;903;18779;13 433;10707;5480;1693;3681;109;0;0;4404;22848
2023-06-13;17;16682;1749;3009;1260;18964;13 618;10609;5217;1766;2926;856;0;0;4139;22848
2023-06-13;18;16946;1683;3236;1552;19121;13 775;10539;5036;1836;2171;1371;0;0;3912;22848
2023-06-13;19;17460;1641;3491;1850;19683;14 337;10846;4586;1724;1282;2028;0;0;3413;22848
2023-06-13;20;18182;1604;3132;1527;20015;14 668;11537;3919;1349;459;2726;0;0;2680;22848
2023-06-13;21;18424;1596;3070;1475;20169;14 822;11752;3821;1386;85;2851;0;0;2574;22848
2023-06-13;22;17870;1589;2677;1088;20198;14 852;12175;3647;1261;0;2047;0;0;2428;22848
2023-06-13;23;16587;1437;4395;2958;20244;14 897;10502;3652;1409;0;2432;0;0;12516;0
2023-06-13;24;15241;1361;5136;3775;20224;14 878;9742;3669;1505;0;1829;0;0;11829;0
2023-06-14;01;14228;1196;4629;3433;18123;12 777;8148;3454;1303;0;2625;0;0;9875;0
2023-06-14;02;13897;1213;4526;3313;18126;12 996;8471;3271;1131;0;2155;0;0;9622;0
2023-06-14;03;13589;1215;4607;3392;18126;13 206;8599;3125;1000;0;1865;0;0;9725;0
2023-06-14;04;13595;1202;4613;3411;18165;13 246;8633;2946;827;0;2017;0;0;9574;0
2023-06-14;05;13626;1183;4921;3738;18219;13 300;8379;2944;807;11;2303;0;0;9388;0
2023-06-14;06;14194;1224;4661;3438;18179;13 260;8599;2988;765;204;2607;0;0;9876;0
2023-06-14;07;15321;1359;4600;3242;18821;13 902;9301;3119;635;710;2901;0;0;11253;0
2023-06-14;08;16697;1502;3951;2449;19366;14 237;10286;3222;278;1587;3189;0;0;2083;22848
2023-06-14;09;17128;1578;3960;2382;19366;14 237;10277;3527;92;2660;3324;0;0;2423;22848
2023-06-14;10;16756;1606;4292;2685;18900;13 771;9479;4097;200;3691;3179;0;0;2966;22848
2023-06-14;11;15894;1584;5580;3996;18725;13 596;8015;4775;434;4765;3104;0;0;3686;22848
2023-06-14;12;15867;1682;5188;3507;18782;13 653;8464;5079;576;5281;2325;0;0;4046;22848
2023-06-14;13;16259;1729;4560;2831;18800;13 671;9111;5090;673;5087;2059;0;0;4061;22848
2023-06-14;14;16163;1743;4552;2808;18785;13 656;9104;5294;908;5021;1765;0;0;4265;22848
2023-06-14;15;16193;1708;4940;3232;18765;13 636;8696;5496;1224;4769;2001;0;0;4497;22848
2023-06-14;16;16559;1691;4653;2962;18633;13 504;8851;5639;1626;4094;2070;0;0;4620;22848
2023-06-14;17;16849;1677;3810;2133;18633;13 504;9693;5133;1471;3201;2023;0;0;4075;22848
2023-06-14;18;17255;1610;4091;2481;19088;13 959;9868;4779;1519;2275;2608;0;0;3716;22848
2023-06-14;19;17629;1498;4209;2711;19163;14 034;9825;3996;1035;1247;3807;0;0;2814;22848
2023-06-14;20;18092;1508;3790;2282;20109;14 980;11190;3144;532;452;3758;0;0;1962;22848
2023-06-14;21;18219;1569;2695;1126;20211;14 895;12200;3007;521;78;3013;0;0;1875;22848
2023-06-14;22;17692;1453;3907;2454;20234;15 110;11203;3013;575;0;3476;0;0;1836;22848
2023-06-14;23;16425;1305;5402;4097;20223;15 099;9697;2978;669;0;3751;0;0;11042;0
2023-06-14;24;15033;1237;6024;4786;20165;15 041;9018;2970;766;0;3045;0;0;10339;0
2023-06-15;01;14014;1211;3453;2242;17888;12 764;9311;2597;546;0;2106;0;0;9802;0
2023-06-15;02;13815;1217;3201;1984;17816;12 692;9491;2423;382;0;1901;0;0;9737;0
2023-06-15;03;13738;1193;3460;2267;17534;12 767;9307;2311;285;0;2120;0;0;9351;0
2023-06-15;04;13812;1189;3513;2323;17540;12 772;9259;2316;297;0;2236;0;0;9339;0
2023-06-15;05;13740;1186;3501;2314;17539;12 772;9271;2272;243;12;2198;0;0;9357;0
2023-06-15;06;14075;1293;3392;2099;18242;13 475;10083;2346;214;214;1646;0;0;10409;0
2023-06-15;07;15588;1511;3492;1981;19747;14 980;11488;2709;163;850;1392;0;0;12779;0
2023-06-15;08;16833;1681;2944;1263;20027;15 260;12316;3192;127;2019;1325;0;0;2271;22848
2023-06-15;09;17013;1672;3752;2080;19448;14 680;10928;3804;168;3339;2281;0;0;2811;22848
2023-06-15;10;16734;1702;3794;2092;18814;14 046;10253;4205;111;4453;2277;0;0;3192;22848
2023-06-15;11;16572;1764;3433;1669;18548;13 989;10555;4326;65;4938;1690;0;0;3358;22848
2023-06-15;12;16155;1789;3977;2188;18721;14 577;10601;4481;108;5241;1074;0;0;3541;22848
2023-06-15;13;15974;1794;3981;2187;18435;14 292;10311;4663;158;5541;1000;0;0;3732;22848
2023-06-15;14;15862;1790;4428;2637;18508;14 793;10365;4686;205;5488;810;0;0;3756;22848
2023-06-15;15;15726;1782;4633;2851;18589;14 874;10241;4695;293;5293;790;0;0;3760;22848
2023-06-15;16;15826;1703;5184;3481;18553;14 838;9654;4750;535;4845;1422;0;0;3791;22848
2023-06-15;17;16176;1661;5189;3527;18678;14 962;9774;4597;653;4148;1805;0;0;3615;22848
2023-06-15;18;16874;1625;4880;3256;18950;15 235;10354;4071;482;3184;2448;0;0;3041;22848
2023-06-15;19;17556;1539;4337;2798;18950;15 235;10897;3278;184;1763;3381;0;0;2166;22848
2023-06-15;20;18292;1557;3573;2015;19532;15 816;12244;2762;235;543;3286;0;0;1720;22848
2023-06-15;21;18436;1750;1170;-580;19709;15 994;14824;2536;144;115;1076;0;0;1551;22848
2023-06-15;22;18105;1682;967;-714;19524;15 390;14422;2469;162;0;1214;0;0;1462;22848
2023-06-15;23;16836;1351;4517;3166;19607;15 473;10956;2359;170;0;3521;0;0;11416;0
2023-06-15;24;15619;1280;4724;3444;19235;15 100;10376;2231;166;0;3013;0;0;10697;0
2023-06-16;01;14655;1263;2736;1473;17238;12 897;10161;2091;135;0;2403;0;0;10195;0
2023-06-16;02;14228;1257;2866;1609;17238;12 897;10031;2104;134;0;2092;0;0;9933;0
2023-06-16;03;13865;1229;3147;1918;17238;12 897;9751;2061;102;0;2053;0;0;9553;0
2023-06-16;04;13919;1202;3452;2250;17243;12 902;9450;2066;113;0;2402;0;0;9285;0
2023-06-16;05;13882;1205;3475;2270;17244;12 902;9427;2088;107;28;2366;0;0;9288;0
2023-06-16;06;13966;1247;3385;2139;17244;12 902;9517;2180;77;301;2269;0;0;9718;0
2023-06-16;07;15211;1406;3492;2086;17868;13 527;10035;2627;51;1174;2549;0;0;11469;0
2023-06-16;08;16083;1602;3008;1406;18153;13 812;10805;3318;11;2706;1960;0;0;2188;22848
2023-06-16;09;15833;1667;3692;2025;17863;13 521;9829;4124;17;4509;1880;0;0;2982;22848
2023-06-16;10;15464;1717;4091;2374;17686;13 554;9463;4561;26;5493;1440;0;0;3415;22848
2023-06-16;11;14738;1793;4370;2577;17697;13 566;9196;4994;60;6663;549;0;0;3920;22848
2023-06-16;12;15418;1889;3685;1796;18202;14 071;10386;4878;66;6465;155;0;0;3857;22848
2023-06-16;13;16200;1882;2574;691;18353;13 803;11229;4582;129;5504;389;0;0;3504;22848
2023-06-16;14;16103;1844;3018;1174;18997;14 032;11014;4469;194;5295;620;0;0;3477;22848
2023-06-16;15;15820;1804;3396;1592;19290;14 240;10844;4359;297;4815;617;0;0;3405;22848
2023-06-16;16;15992;1776;3476;1700;19414;14 318;10842;4379;469;4398;771;0;0;3421;22848
2023-06-16;17;16067;1663;3522;1859;18965;13 869;10347;4107;544;3546;1613;0;0;3090;22848
2023-06-16;18;16628;1617;3382;1765;19240;14 144;10762;3606;407;2594;2260;0;0;2535;22848
2023-06-16;19;17214;1478;3876;2398;19502;14 405;10530;3062;256;1454;3622;0;0;1934;22848
2023-06-16;20;17690;1550;2725;1175;20130;15 034;12309;2609;227;458;2772;0;0;1631;22848
2023-06-16;21;17888;1633;1497;-137;20161;15 064;13568;2523;247;103;1797;0;0;1447;22848
2023-06-16;22;17686;1616;1374;-242;20189;14 883;13509;2602;392;0;1576;0;0;1534;22848
2023-06-16;23;16499;1428;2843;1415;20278;14 335;11492;2513;464;0;2495;0;0;12351;0
2023-06-16;24;15037;1307;3565;2257;20317;13 801;10237;2535;531;0;2266;0;0;11056;0
2023-06-17;01;13767;1112;2348;1236;17216;10 544;8196;2519;663;0;3052;0;0;9311;0
2023-06-17;02;13478;1107;2374;1266;17053;10 382;8008;2576;743;0;2894;0;0;9374;0
2023-06-17;03;13170;1123;2197;1074;17034;10 363;8166;2631;802;0;2374;0;0;9535;0
2023-06-17;04;13010;1127;2158;1031;17034;10 363;8205;2627;798;0;2178;0;0;9526;0
2023-06-17;05;12556;1107;2335;1228;17034;10 363;8027;2656;828;7;1873;0;0;9372;0
2023-06-17;06;12207;1098;2396;1298;16844;10 173;7777;2644;724;179;1786;0;0;9128;0
2023-06-17;07;12518;1196;2523;1327;17613;12 283;8265;2723;494;820;1530;1495;0;9736;0
2023-06-17;08;12979;1357;2066;709;17645;12 315;8753;3187;289;2200;1039;1495;0;10394;0
2023-06-17;09;13914;1524;1232;-292;17998;12 668;9941;3402;104;3141;571;1495;0;11318;0
2023-06-17;10;13977;1622;1277;-345;18287;12 957;10184;3745;49;4262;48;1495;0;12012;0
2023-06-17;11;13646;1622;1461;-161;17904;12 574;9618;4002;27;4962;26;1495;0;11679;0
2023-06-17;12;13588;1628;1808;179;17585;12 462;8952;4359;127;5566;277;1702;0;11748;0
2023-06-17;13;14593;1688;1438;-250;17852;12 729;9588;4480;320;5404;525;1702;0;11435;0
2023-06-17;14;15066;1660;1441;-219;18130;13 007;9864;4173;382;4903;1029;1702;0;11480;0
2023-06-17;15;14470;1551;2065;514;17634;12 511;8743;4202;406;4898;1525;1702;0;10688;0
2023-06-17;16;14154;1521;1976;455;17691;12 568;8890;4014;324;4298;1250;1702;0;10551;0
2023-06-17;17;13863;1491;1831;340;17896;12 773;9240;3710;359;3449;914;1702;0;11361;0
2023-06-17;18;13729;1455;2092;637;18262;12 932;9345;3498;398;2743;886;1495;0;11660;0
2023-06-17;19;14188;1414;2349;935;18698;13 579;9735;3177;417;1677;1276;1495;0;11676;0
2023-06-17;20;14971;1352;2143;791;19006;12 392;10249;2663;351;574;2059;0;0;11486;0
2023-06-17;21;15237;1247;2579;1332;18757;12 143;9563;2412;302;125;3262;0;0;10578;0
2023-06-17;22;15246;1289;2383;1094;19191;12 577;10194;2335;292;0;2717;0;0;10923;0
2023-06-17;23;14653;1202;2883;1680;19090;12 475;9593;2185;272;0;2876;0;0;10188;0
2023-06-17;24;13339;1132;1748;616;18772;10 730;8981;2080;205;0;2278;0;0;9343;0
2023-06-18;01;12110;1064;1770;706;18130;9 882;8113;2111;318;0;1887;0;0;8880;0
2023-06-18;02;11679;1040;2079;1040;17973;9 937;7858;2084;304;0;1737;0;0;8596;0
2023-06-18;03;11295;1001;2230;1229;17606;9 570;7340;2128;351;0;1827;0;0;8227;0
2023-06-18;04;11068;1023;2188;1165;17985;9 739;7551;2150;374;0;1367;0;0;8377;0
2023-06-18;05;10639;1000;2136;1135;17725;9 479;7343;2153;364;8;1143;0;0;8157;0
2023-06-18;06;10327;1033;2193;1160;17833;9 587;7393;2264;360;266;670;0;0;8432;0
2023-06-18;07;10392;1107;2256;1150;17940;11 396;7437;2597;363;960;358;1702;0;8945;0
2023-06-18;08;10613;1217;2008;791;17846;11 302;7592;2990;212;2124;31;1702;0;9028;0
2023-06-18;09;10912;1303;2152;848;17788;11 244;7390;3498;141;3464;24;1702;0;9179;0
2023-06-18;10;10974;1358;2635;1277;17673;11 129;6792;4150;298;4567;31;1702;0;9303;0
2023-06-18;11;11071;1408;2848;1440;17563;11 019;6469;4598;343;5487;4;1702;0;9176;0
2023-06-18;12;11432;1456;2880;1424;17698;11 391;6626;4781;374;5844;25;1885;0;8803;0
2023-06-18;13;11924;1504;2388;884;17737;11 430;7157;4742;397;5727;25;1885;0;9288;0
2023-06-18;14;12197;1518;2399;881;17737;11 788;7505;4667;396;5572;25;1885;0;9832;0
2023-06-18;15;12174;1450;2418;967;17732;11 783;7480;4368;386;4918;326;1885;0;9573;0
2023-06-18;16;11746;1367;3396;2029;17594;11 645;6364;4469;470;4990;913;1885;0;9339;0
2023-06-18;17;11521;1307;3344;2038;17594;11 645;6416;4181;506;4230;923;1885;0;9012;0
2023-06-18;18;11931;1320;2615;1294;17844;11 895;7578;3597;327;3079;756;1702;0;9642;0
2023-06-18;19;13114;1357;1889;532;18866;12 917;9325;2919;191;1735;870;1702;0;10577;0
2023-06-18;20;13999;1276;1980;704;19257;11 606;9625;2321;105;557;2053;0;0;10450;0
2023-06-18;21;14462;1251;2120;870;19424;11 773;9653;2199;178;130;2610;0;0;10429;0
2023-06-18;22;14642;1212;2634;1423;19390;11 944;9310;2224;289;0;3108;0;0;10177;0
2023-06-18;23;14047;1143;4510;3367;19289;13 210;8700;2231;326;0;3116;0;0;9527;0
2023-06-18;24;13157;1126;5997;4871;19310;14 420;8423;2321;417;0;2413;0;0;9207;0
2023-06-19;01;12288;1100;5014;3914;18119;13 230;8216;2373;491;0;1700;0;0;9238;0
2023-06-19;02;11822;1099;5141;4042;18098;13 209;8068;2404;554;0;1350;0;0;9301;0
2023-06-19;03;11611;1120;4838;3719;18059;13 170;8331;2401;543;0;879;0;0;9455;0
2023-06-19;04;11446;1100;4610;3510;17623;12 734;8123;2415;522;0;908;0;0;9103;0
2023-06-19;05;11928;1127;4155;3028;17462;12 572;8418;2343;415;18;1168;0;0;9023;0
2023-06-19;06;12286;1211;3992;2781;16726;12 666;8673;2544;398;459;1069;0;0;9860;0
2023-06-19;07;14570;1484;3648;2164;18410;14 466;10399;3104;380;1481;1067;419;0;12344;0
2023-06-19;08;15610;1688;2928;1240;18736;14 654;11307;3691;220;2957;612;419;0;2197;22848
2023-06-19;09;15767;1819;2866;1047;18857;14 775;11489;4203;89;4519;75;419;0;2732;22848
2023-06-19;10;15178;1834;3284;1450;18144;14 062;10359;4795;69;6160;25;419;0;3384;22848
2023-06-19;11;14734;1836;3393;1557;17595;13 513;9701;5009;51;6815;24;419;0;3632;22848
2023-06-19;12;15088;1870;2732;862;16770;13 129;9978;5086;64;6908;25;419;0;3699;22848
2023-06-19;13;15234;1881;2541;660;16458;13 034;10119;5089;88;6858;26;373;0;3706;22848
2023-06-19;14;15252;1889;2715;826;16406;12 762;10047;5181;106;7028;24;0;0;3800;22848
2023-06-19;15;15483;1855;2865;1010;16691;13 257;10392;4818;112;6164;272;0;0;3459;22848
2023-06-19;16;16288;1878;2016;138;16716;13 281;11265;4550;114;5461;473;0;0;3180;22848
2023-06-19;17;16689;1847;1774;-73;16784;13 350;11575;4276;128;4707;838;0;0;2876;22848
2023-06-19;18;16695;1753;1910;158;17222;13 788;11877;3729;135;3346;1089;0;0;2296;22848
2023-06-19;19;17668;1662;1901;239;17563;14 129;12228;3081;111;1756;2359;0;0;1601;22848
2023-06-19;20;18397;1628;1436;-192;17829;14 395;12958;2735;197;499;2704;0;0;1158;22848
2023-06-19;21;18723;1652;1103;-548;17833;14 605;13501;2613;248;121;2609;0;0;1040;22848
2023-06-19;22;18339;1588;1736;148;18057;14 829;13093;2654;381;0;2592;0;0;1108;22848
2023-06-19;23;16904;1416;4022;2606;18531;15 097;11075;2828;679;0;3002;0;0;12167;0
2023-06-19;24;15408;1294;5274;3980;18520;14 875;9602;3044;970;0;2762;0;0;11245;0
2023-06-20;01;14529;1270;2714;1445;15571;11 923;9209;3191;1236;0;2130;0;0;10769;0
2023-06-20;02;14230;1224;3243;2019;15578;11 930;8687;3197;1249;0;2346;0;0;9903;0
2023-06-20;03;13963;1242;3009;1767;15591;11 943;8933;3094;1150;0;1935;0;0;9994;0
2023-06-20;04;13967;1233;2831;1598;15635;11 987;9155;2788;844;0;2024;0;0;9733;0
2023-06-20;05;13929;1221;2681;1460;15734;11 890;9209;2569;608;16;2151;0;0;9440;0
2023-06-20;06;14115;1198;3237;2039;15750;11 885;8648;2642;587;227;2825;0;0;9271;0
2023-06-20;07;15291;1403;3164;1760;16649;12 996;9620;3078;514;1091;2594;212;0;11566;0
2023-06-20;08;16349;1630;2011;381;16492;13 054;10831;3581;255;2687;1938;212;0;2113;22848
2023-06-20;09;16750;1832;1690;-142;17096;13 658;11756;4057;45;4248;937;212;0;2608;22848
2023-06-20;10;16170;1849;2045;196;16515;13 077;10819;4521;26;5686;830;212;0;2994;22848
2023-06-20;11;15375;1862;2217;354;16115;12 677;10248;4791;32;6505;336;212;0;3321;22848
2023-06-20;12;15165;1842;2863;1022;16136;12 698;9623;5017;63;6924;525;212;0;3538;22848
2023-06-20;13;14749;1855;3045;1191;16131;12 485;9227;5288;103;7358;233;212;0;3788;22848
2023-06-20;14;14969;1824;2878;1053;16131;12 485;9395;5049;129;6781;525;212;0;3558;22848
2023-06-20;15;15245;1838;2661;823;16214;12 568;9695;5091;328;6287;459;212;0;3566;22848
2023-06-20;16;15276;1803;3126;1323;16419;12 773;9434;5069;357;6101;773;212;0;3528;22848
2023-06-20;17;16338;1809;2610;801;17143;13 497;10675;4553;387;4831;1110;212;0;3002;22848
2023-06-20;18;17348;1734;2112;378;17503;13 857;11533;3892;440;3050;1922;212;0;2302;22848
2023-06-20;19;18030;1666;2188;522;17865;14 219;11819;3472;585;1630;2740;212;0;1833;22848
2023-06-20;20;18825;1627;2093;466;18143;14 285;12192;3251;747;538;3382;0;0;1535;22848
2023-06-20;21;19016;1660;1605;-55;18332;14 474;12869;3233;925;122;2915;0;0;1526;22848
2023-06-20;22;18539;1601;1881;281;18139;14 281;12400;3371;1119;0;2768;0;0;1671;22848
2023-06-20;23;17288;1510;3131;1621;18393;14 534;11403;3580;1429;0;2304;0;0;13109;0
2023-06-20;24;15830;1402;4175;2773;18075;14 217;10042;3841;1804;0;1947;0;0;12341;0
2023-06-21;01;15437;1253;3117;1864;15330;11 680;8563;3748;1783;0;3127;0;0;10173;0
2023-06-21;02;14972;1244;3236;1992;15310;11 660;8424;3845;1869;0;2703;0;0;9825;0
2023-06-21;03;14661;1262;3233;1972;15248;11 598;8364;4083;2159;0;2214;0;0;10106;0
2023-06-21;04;14406;1229;3606;2377;15248;11 598;7992;4180;2232;0;2235;0;0;9823;0
2023-06-21;05;14423;1232;3943;2711;15253;11 603;7659;4464;2498;16;2299;0;0;9979;0
2023-06-21;06;14395;1240;4594;3354;15323;11 673;7079;4711;2564;452;2605;0;0;10008;0
2023-06-21;07;15685;1482;3613;2131;16357;12 707;9094;4502;1913;1425;2089;0;0;12152;0
2023-06-21;08;17137;1700;2039;339;16816;13 166;11127;4310;1076;2726;1700;0;0;2780;22848
2023-06-21;09;17699;1814;1931;118;17459;14 238;12094;4182;597;3566;1423;212;0;2660;22848
2023-06-21;10;17395;1819;1685;-134;17033;13 812;11915;4399;538;4249;1080;212;0;2890;22848
2023-06-21;11;16751;1849;2138;289;16737;13 304;11166;4912;811;4870;673;0;0;3425;22848
2023-06-21;12;17077;1910;2202;292;16871;13 437;11206;5204;952;5215;667;30;0;3715;22848
2023-06-21;13;17489;1946;2300;354;16970;13 537;11177;5428;1021;5559;884;59;0;3935;22848
2023-06-21;14;17549;1928;1990;62;16557;13 124;11074;5446;983;5598;1028;59;0;3933;22848
2023-06-21;15;16840;1876;2578;703;16624;13 191;10553;5428;1026;5451;859;59;0;3912;22848
2023-06-21;16;17328;1793;2502;709;15991;12 558;9997;5254;1040;5016;2078;59;0;3736;22848
2023-06-21;17;17755;1800;2107;308;16739;13 305;11198;4692;869;4034;1865;0;0;3145;22848
2023-06-21;18;18394;1733;1751;19;17218;13 784;12033;3945;734;2598;2416;0;0;2383;22848
2023-06-21;19;18896;1686;1829;144;17752;14 319;12489;3562;844;1406;2845;0;0;1974;22848
2023-06-21;20;19416;1667;1654;-13;18108;14 675;13021;3333;958;496;3061;0;0;1689;22848
2023-06-21;21;19550;1658;1400;-258;18160;14 727;13327;3162;948;111;3061;0;0;1514;22848
2023-06-21;22;19073;1571;1932;361;18061;14 627;12695;3016;903;0;3362;0;0;1413;22848
2023-06-21;23;17726;1428;3592;2165;17925;14 492;10900;3307;1253;0;3519;0;0;12531;0
2023-06-21;24;16272;1266;5666;4400;17989;14 556;8889;3665;1662;0;3718;0;0;10839;0
2023-06-22;01;15396;1268;2853;1584;15298;11 865;9013;3475;1584;0;2908;0;0;10275;0
2023-06-22;02;14984;1271;2782;1511;15321;11 888;9106;3406;1526;0;2471;0;0;10400;0
2023-06-22;03;14482;1258;2793;1535;15282;11 848;9056;3244;1365;0;2182;0;0;10170;0
2023-06-22;04;14444;1232;2679;1447;15119;11 686;9007;3022;1142;0;2415;0;0;9593;0
2023-06-22;05;14469;1215;3069;1854;15119;11 686;8617;3196;1298;16;2656;0;0;9574;0
2023-06-22;06;14594;1259;3187;1928;15230;11 797;8609;3427;1327;281;2557;0;0;10184;0
2023-06-22;07;15705;1478;2876;1398;16333;12 900;10023;3602;1103;1131;2080;0;0;12535;0
2023-06-22;08;16959;1703;2206;502;17235;13 802;11596;3795;575;2703;1568;0;0;2256;22848
2023-06-22;09;17270;1834;2359;525;17474;14 251;11892;4240;455;3985;1138;0;0;2699;22848
2023-06-22;10;16901;1914;2526;612;17302;14 079;11552;4833;446;5552;516;0;0;3343;22848
2023-06-22;11;15891;1946;2535;590;16100;13 299;10493;5442;477;6908;-44;271;0;3966;22848
2023-06-22;12;16388;2010;2141;131;16112;13 311;10899;5640;534;7237;-151;271;0;4162;22848
2023-06-22;13;16701;2003;2787;783;16377;14 141;11083;5551;584;6932;67;271;0;4078;22848
2023-06-22;14;16051;1950;3270;1320;16142;13 906;10365;5754;665;7146;-68;271;0;4267;22848
2023-06-22;15;15537;1910;3431;1522;15869;13 633;9931;5639;630;6982;-33;271;0;4158;22848
2023-06-22;16;15642;1908;3813;1904;16119;13 883;9799;5696;593;7183;147;271;0;4213;22848
2023-06-22;17;16096;1819;4603;2785;16760;14 524;9650;5274;546;6297;1172;271;0;3771;22848
2023-06-22;18;17198;1830;3392;1561;17617;15 190;11527;4480;477;4408;1191;271;0;2920;22848
2023-06-22;19;18662;1765;1988;223;17959;15 300;13311;3383;452;1863;1968;0;0;1793;22848
2023-06-22;20;19848;1723;1320;-403;17972;15 313;13993;2875;504;501;2980;0;0;1228;22848
2023-06-22;21;19666;1662;1869;207;18213;15 554;13685;2866;665;129;3115;0;0;1224;22848
2023-06-22;22;19345;1613;2800;1187;18499;15 840;13040;3100;964;0;3205;0;0;1467;22848
2023-06-22;23;18099;1449;4961;3512;18808;16 149;11188;3272;1238;0;3638;0;0;12928;0
2023-06-22;24;16370;1261;6357;5095;18890;15 529;9172;3332;1401;0;3867;0;0;11024;0
